topic,Deployed models
6040a96cdcc614001153fc55-linux604b83a14c58ea0011d6220f-log-mysql6d7613c72a46df40-stashed,"general: ['HB'], warning: ['HB'], error: ['HB']"
6040a96cdcc614001153fc55-docker-log-apachedocumentation_bookstack-stashed,"general: [], warning: ['HB'], error: ['HB']"
6040a96cdcc614001153fc55-docker-log-apachegaia_scripts-stashed,"general: [], warning: ['HB'], error: ['HB']"
6040a96cdcc614001153fc55-docker-log-redisgaia_redis-stashed,"general: ['HB'], warning: ['HB'], error: ['HB']"
6040a96cdcc614001153fc55-docker-log-rabbitmqqueue_rabbitmq-stashed,"general: ['HB', 'Skyline'], warning: ['HB'], error: ['HB']"
6040a96cdcc614001153fc55-docker-log-nodescrapers_scrapers-stashed,"general: [], warning: ['HB'], error: ['HB']"
6040a96cdcc614001153fc55-docker-log-nodeapp_app-api-stashed,"general: ['HB', 'Skyline'], warning: ['HB'], error: ['HB']"
6040a96cdcc614001153fc55-linux608ac3038e4afc0040b43f6e-log-linux608ac3038e4afc0040b43f6e-stashed,"general: [], warning: ['HB'], error: ['HB']"
603fb007dcc614001153ef49-linux603fb513dcc614001153efc5-log-linux603fb513dcc614001153efc5-stashed,"general: [], warning: ['HB'], error: ['HB']"
6040a96cdcc614001153fc55-docker-log-monitoring_blackbox-exporter-stashed,"general: [], warning: ['HB'], error: ['HB']"
6040a96cdcc614001153fc55-linux608ac2fe8e4afc0040b43f6d-log-linux608ac2fe8e4afc0040b43f6d-stashed,"general: [], warning: ['HB'], error: ['HB']"
6040a96cdcc614001153fc55-docker-log-redisappsmith_redis-stashed,"general: ['HB'], warning: ['HB'], error: ['HB']"
6040a96cdcc614001153fc55-linux60fec229da00c500125f430e-log-linux60fec229da00c500125f430e-stashed,"general: [], warning: ['HB'], error: ['HB']"
6040a96cdcc614001153fc55-docker-log-nginxappsmith_appsmith-nginx-stashed,"general: ['HB', 'Skyline'], warning: ['HB'], error: ['HB']"
6040a96cdcc614001153fc55-linux60b8d8e1aeb6f802698917b2-log-packetai2513cd980037d6fa-stashed,"general: [], warning: ['HB'], error: ['HB']"
6040a96cdcc614001153fc55-linux60ad2767217653003ff96e6e-log-linux60ad2767217653003ff96e6e-stashed,"general: [], warning: ['HB'], error: ['HB']"
6040a96cdcc614001153fc55-linux604b83aa4c58ea0011d62211-log-packetaibcbf6881c8b51cc6-stashed,"general: ['HB'], warning: ['HB'], error: ['HB']"
6035197a80f3760011ef864c-linux60365b0180f3760011ef86ae-log-booking-stashed,"general: [], warning: ['HB'], error: ['HB']"
6040a96cdcc614001153fc55-docker-log-nodesite-service_site-service-stashed,"general: [], warning: ['HB'], error: ['HB']"
6040a96cdcc614001153fc55-linux60fec228da00c500125f430d-log-linux60fec228da00c500125f430d-stashed,"general: [], warning: ['HB'], error: ['HB']"
6040a96cdcc614001153fc55-linux60fec22dda00c500125f4312-log-linux60fec22dda00c500125f4312-stashed,"general: [], warning: ['HB'], error: ['HB']"
6040a96cdcc614001153fc55-docker-log-monitoring_prometheus-stashed,"general: ['HB'], warning: ['HB'], error: ['HB']"
6040a96cdcc614001153fc55-docker-log-nodereservation_reservation-stashed,"general: [], warning: ['HB'], error: ['HB']"
6040a96cdcc614001153fc55-docker-log-apachegaia_worker-stashed,"general: ['HB', 'Skyline'], warning: ['HB'], error: ['HB']"
6040a96cdcc614001153fc55-linux609bdf19b677860011c6e30e-log-apache834fd0b59d9ddf17-stashed,"general: [], warning: ['HB'], error: ['HB']"
6040a96cdcc614001153fc55-docker-log-consul_consul-server-stashed,"general: [], warning: ['HB'], error: ['HB']"
6040a96cdcc614001153fc55-linux60fec238da00c500125f4314-log-linux60fec238da00c500125f4314-stashed,"general: ['HB', 'Skyline'], warning: ['HB'], error: ['HB']"
6040a96cdcc614001153fc55-linux61c1fcc7946cf90125d075e8-log-linux61c1fcc7946cf90125d075e8-stashed,"general: ['HB', 'Skyline'], warning: ['HB'], error: ['HB']"
6040a96cdcc614001153fc55-docker-log-pythonhyperion_client-plages-stashed,"general: ['HB', 'Skyline'], warning: ['HB'], error: ['HB']"
6040a96cdcc614001153fc55-docker-log-pythonkoios_koios-tasks-stashed,"general: ['HB', 'Skyline'], warning: ['HB'], error: ['HB']"
6040a96cdcc614001153fc55-docker-log-redissite-service_redis-cache-stashed,"general: ['HB'], warning: ['HB'], error: ['HB']"
6040a96cdcc614001153fc55-docker-log-pythonkoios_koios-forecasts-stashed,"general: [], warning: ['HB'], error: ['HB']"
6040a96cdcc614001153fc55-docker-log-data-api_data-api-stashed,"general: [], warning: ['HB'], error: ['HB']"
6040a96cdcc614001153fc55-linux609bdec6b677860011c6e30c-log-linux609bdec6b677860011c6e30c-stashed,"general: [], warning: ['HB'], error: ['HB']"
6040a96cdcc614001153fc55-docker-log-pythonpost-processing_post-processing-worker-stashed,"general: ['HB'], warning: ['HB'], error: ['HB']"
6040a96cdcc614001153fc55-docker-log-nodehyperion_server-stashed,"general: [], warning: ['HB'], error: ['HB']"
603fb007dcc614001153ef49-linux603fb50edcc614001153efc1-log-linux603fb50edcc614001153efc1-stashed,"general: [], warning: ['HB'], error: ['HB']"
6040a96cdcc614001153fc55-docker-log-redisweblate_cache-stashed,"general: [], warning: ['HB'], error: ['HB']"
6040a96cdcc614001153fc55-docker-log-rediskoios_redis_cache-stashed,"general: [], warning: ['HB'], error: ['HB']"
6040a96cdcc614001153fc55-docker-log-post-processing_post-processing-stashed,"general: [], warning: ['HB'], error: ['HB']"
6040a96cdcc614001153fc55-linux604b83aa4c58ea0011d62211-log-linux604b83aa4c58ea0011d62211-stashed,"general: ['HB', 'Skyline'], warning: ['HB'], error: ['HB']"
6040a96cdcc614001153fc55-linux609bdf19b677860011c6e30e-log-linux609bdf19b677860011c6e30e-stashed,"general: [], warning: ['HB'], error: ['HB']"
6040a96cdcc614001153fc55-docker-log-nodereservation_reservation-tasks-stashed,"general: [], warning: ['HB'], error: ['HB']"
6040a96cdcc614001153fc55-linux608ac1c48e4afc0040b43d19-log-linux608ac1c48e4afc0040b43d19-stashed,"general: ['HB', 'Skyline'], warning: ['HB'], error: ['HB']"
6040a96cdcc614001153fc55-linux608ac1c48e4afc0040b43d19-log-packetaiab4704e4d9d6263b-stashed,"general: ['HB'], warning: ['HB'], error: ['HB']"
6040a96cdcc614001153fc55-linux604b83a14c58ea0011d6220f-log-packetaie6471dd6a1a09b54-stashed,"general: ['HB'], warning: ['HB'], error: ['HB']"
6040a96cdcc614001153fc55-linux60fec22dda00c500125f4313-log-linux60fec22dda00c500125f4313-stashed,"general: [], warning: ['HB'], error: ['HB']"
6040a96cdcc614001153fc55-docker-log-nodehyperion-server_hyperion-server-stashed,"general: [], warning: ['HB'], error: ['HB']"
6040a96cdcc614001153fc55-docker-log-nodereservations-service_reservations-service-stashed,"general: ['HB', 'Skyline'], warning: ['HB'], error: ['HB']"
6040a96cdcc614001153fc55-linux61c20ad4946cf90125d07642-log-linux61c20ad4946cf90125d07642-stashed,"general: ['HB', 'Skyline'], warning: ['HB'], error: ['HB']"
6040a96cdcc614001153fc55-docker-log-keto_keto-stashed,"general: [], warning: ['HB'], error: ['HB']"
6040a96cdcc614001153fc55-docker-log-pythonkoios_koios-worker-stashed,"general: ['HB', 'Skyline'], warning: ['HB'], error: ['HB']"
6040a96cdcc614001153fc55-docker-log-pythonhyperion-client-plages_hyperion-stashed,"general: [], warning: ['HB'], error: ['HB']"
6040a96cdcc614001153fc55-docker-log-portainer_portainer-stashed,"general: [], warning: ['HB'], error: ['HB']"
6040a96cdcc614001153fc55-linux60b8d8abaeb6f802698917b1-log-node750839d8124c6df8-stashed,"general: [], warning: ['HB'], error: ['HB']"
6040a96cdcc614001153fc55-docker-log-nodereports-service_reports-service-stashed,"general: ['HB', 'Skyline'], warning: ['HB'], error: ['HB']"
6040a96cdcc614001153fc55-docker-log-nodestats-service_stats-service-stashed,"general: [], warning: ['HB'], error: ['HB']"
6040a96cdcc614001153fc55-linux61c35323a137b10130daf3ad-log-linux61c35323a137b10130daf3ad-stashed,"general: ['HB', 'Skyline'], warning: ['HB'], error: ['HB']"
6040a96cdcc614001153fc55-docker-log-nodealerts_alerts-service-stashed,"general: ['HB', 'Skyline'], warning: ['HB'], error: ['HB']"
6040a96cdcc614001153fc55-docker-log-pythonbackup_dockup-master-stashed,"general: [], warning: ['HB'], error: ['HB']"
603e53a8a72190001210f7fb-linux603e5935dcc614001153e37f-log-linux603e5935dcc614001153e37f-stashed,"general: [], warning: ['HB'], error: ['HB']"
6040a96cdcc614001153fc55-linux61c344daa137b10130daf384-log-linux61c344daa137b10130daf384-stashed,"general: ['HB', 'Skyline'], warning: ['HB'], error: ['HB']"
6040a96cdcc614001153fc55-linux609bde4db677860011c6e30b-log-apache65f6ec80b7aa2937-stashed,"general: [], warning: ['HB'], error: ['HB']"
6040a96cdcc614001153fc55-linux61c32232a137b10130daf2e1-log-linux61c32232a137b10130daf2e1-stashed,"general: ['HB', 'Skyline'], warning: ['HB'], error: ['HB']"
6040a96cdcc614001153fc55-linux6040f8103a9e9f0012cec095-log-linux6040f8103a9e9f0012cec095-stashed,"general: [], warning: ['HB'], error: ['HB']"
6040a96cdcc614001153fc55-linux60fec22ada00c500125f4310-log-linux60fec22ada00c500125f4310-stashed,"general: [], warning: ['HB'], error: ['HB']"
603e53a8a72190001210f7fb-docker-log-affluence_stack_pythonapp-stashed,"general: [], warning: ['HB'], error: ['HB']"
6035197a80f3760011ef864c-linux60365b0180f3760011ef86ae-log-linux60365b0180f3760011ef86ae-stashed,"general: [], warning: ['HB'], error: ['HB']"
6040a96cdcc614001153fc55-docker-log-pythonpost-stashed,"general: [], warning: ['HB'], error: ['HB']"
6040a96cdcc614001153fc55-linux60fec22ada00c500125f430f-log-linux60fec22ada00c500125f430f-stashed,"general: [], warning: ['HB'], error: ['HB']"
6040a96cdcc614001153fc55-linux60b8d8e1aeb6f802698917b2-log-linux60b8d8e1aeb6f802698917b2-stashed,"general: [], warning: ['HB'], error: ['HB']"
6040a96cdcc614001153fc55-linux609bdef1b677860011c6e30d-log-linux609bdef1b677860011c6e30d-stashed,"general: [], warning: ['HB'], error: ['HB']"
6040a96cdcc614001153fc55-linux6040f8233a9e9f0012cec099-log-linux6040f8233a9e9f0012cec099-stashed,"general: [], warning: ['HB'], error: ['HB']"
6040a96cdcc614001153fc55-linux60b8d8abaeb6f802698917b1-log-packetai1f0470fa7ea18846-stashed,"general: [], warning: ['HB'], error: ['HB']"
6040a96cdcc614001153fc55-linux604b83a14c58ea0011d6220f-log-mysql6da701a4c1d3db0e-stashed,"general: [], warning: ['HB'], error: ['HB']"
6040a96cdcc614001153fc55-docker-log-pythonweblate_weblate-stashed,"general: [], warning: ['HB'], error: ['HB']"
614ae71d919a45150ac6ff03-linux614ae765919a45150ac6ff05-log-mongodb0409b3d3ba875ef4-stashed,"general: [], warning: ['HB'], error: ['HB']"
6040a96cdcc614001153fc55-docker-log-noderealtime-stashed,"general: [], warning: ['HB'], error: ['HB']"
6040a96cdcc614001153fc55-linux609bdec6b677860011c6e30c-log-packetai413744d48e902e0a-stashed,"general: [], warning: ['HB'], error: ['HB']"
6040a96cdcc614001153fc55-linux61c1cf78946cf90125d0753e-log-linux61c1cf78946cf90125d0753e-stashed,"general: ['HB', 'Skyline'], warning: ['HB'], error: ['HB']"
6040a96cdcc614001153fc55-linux61c1fca6946cf90125d075e7-log-linux61c1fca6946cf90125d075e7-stashed,"general: ['HB', 'Skyline'], warning: ['HB'], error: ['HB']"
6040a96cdcc614001153fc55-linux6040f7e73a9e9f0012cec090-log-linux6040f7e73a9e9f0012cec090-stashed,"general: [], warning: ['HB'], error: ['HB']"
6040a96cdcc614001153fc55-docker-log-nodecollector-api_collector-api-stashed,"general: ['HB', 'Skyline'], warning: ['HB'], error: ['HB']"
6040a96cdcc614001153fc55-linux609bde4db677860011c6e30b-log-linux609bde4db677860011c6e30b-stashed,"general: [], warning: ['HB'], error: ['HB']"
6040a96cdcc614001153fc55-linux609bdf19b677860011c6e30e-log-packetai7fe5cf5bc665897f-stashed,"general: [], warning: ['HB'], error: ['HB']"
6040a96cdcc614001153fc55-linux6040eafa3a9e9f0012cebfd4-log-linux6040eafa3a9e9f0012cebfd4-stashed,"general: [], warning: ['HB'], error: ['HB']"
6040a96cdcc614001153fc55-linux608ac2fe8e4afc0040b43f6d-log-packetai6123f8be80faaaad-stashed,"general: [], warning: ['HB'], error: ['HB']"
603e53a8a72190001210f7fb-linux603e5939dcc614001153e381-log-linux603e5939dcc614001153e381-stashed,"general: [], warning: ['HB'], error: ['HB']"
6040a96cdcc614001153fc55-linux6040f81b3a9e9f0012cec097-log-linux6040f81b3a9e9f0012cec097-stashed,"general: [], warning: ['HB'], error: ['HB']"
6040a96cdcc614001153fc55-docker-log-pythondynamic-flow_scheduler-stashed,"general: [], warning: ['HB'], error: ['HB']"
6040a96cdcc614001153fc55-linux60b8d8abaeb6f802698917b1-log-linux60b8d8abaeb6f802698917b1-stashed,"general: [], warning: ['HB'], error: ['HB']"
6040a96cdcc614001153fc55-linux604b83aa4c58ea0011d62211-log-mysqlc65d1f2cd07cc218-stashed,"general: ['HB', 'Skyline'], warning: ['HB'], error: ['HB']"
6040a96cdcc614001153fc55-linux608ac3038e4afc0040b43f6e-log-packetai8a1e0fb5c1647ec2-stashed,"general: [], warning: ['HB'], error: ['HB']"
6040a96cdcc614001153fc55-docker-log-noderealtime-status_realtime-tasks-raw-dk_-stashed,"general: [], warning: ['HB'], error: ['HB']"
6040a96cdcc614001153fc55-docker-log-nodewebapi_webapi-server-stashed,"general: [], warning: ['HB'], error: ['HB']"
6040a96cdcc614001153fc55-docker-log-packetaipacketai_packetai-agent-stashed,"general: ['HB', 'Skyline'], warning: ['HB'], error: ['HB']"
6040a96cdcc614001153fc55-linux608ac1c48e4afc0040b43d19-log-mysql357e569af1d96542-stashed,"general: ['HB'], warning: ['HB'], error: ['HB']"
6040a96cdcc614001153fc55-linux604b83b34c58ea0011d62213-log-packetaief61b1d0ff223901-stashed,"general: [], warning: ['HB'], error: ['HB']"
6040a96cdcc614001153fc55-docker-log-nodeportal_crons-stashed,"general: [], warning: ['HB'], error: ['HB']"
6040a96cdcc614001153fc55-docker-log-consul_consul-agent-stashed,"general: [], warning: ['HB'], error: ['HB']"
6040a96cdcc614001153fc55-linux6040f8103a9e9f0012cec095-log-packetai6bce842367549eaa-stashed,"general: [], warning: ['HB'], error: ['HB']"
6040a96cdcc614001153fc55-docker-log-nodesensor-service_sensor-service-stashed,"general: ['HB', 'Skyline'], warning: ['HB'], error: ['HB']"
6040a96cdcc614001153fc55-linux604b83a14c58ea0011d6220f-log-linux604b83a14c58ea0011d6220f-stashed,"general: ['HB', 'Skyline'], warning: ['HB'], error: ['HB']"
6040a96cdcc614001153fc55-linux6040eafa3a9e9f0012cebfd4-log-packetaie0358a1c9e2c9106-stashed,"general: [], warning: ['HB'], error: ['HB']"
6040a96cdcc614001153fc55-linux60fec22cda00c500125f4311-log-linux60fec22cda00c500125f4311-stashed,"general: [], warning: ['HB'], error: ['HB']"
6040a96cdcc614001153fc55-docker-log-nginxweblate_weblate-stashed,"general: ['HB', 'Skyline'], warning: ['HB'], error: ['HB']"
6040a96cdcc614001153fc55-linux60ad2767217653003ff96e6e-log-packetai6b2d11b48f664419-stashed,"general: [], warning: ['HB'], error: ['HB']"
6040a96cdcc614001153fc55-docker-log-nodeportal_portal-stashed,"general: ['HB', 'Skyline'], warning: ['HB'], error: ['HB']"
6040a96cdcc614001153fc55-docker-log-nodereservations-stashed,"general: ['HB', 'Skyline'], warning: ['HB'], error: ['HB']"
6035197a80f3760011ef864c-linux6035396680f3760011ef864d-log-mongodbe98b724ef7df0cfc-stashed,"general: [], warning: ['HB'], error: ['HB']"
603e53a8a72190001210f7fb-linux603e593cdcc614001153e383-log-linux603e593cdcc614001153e383-stashed,"general: [], warning: ['HB'], error: ['HB']"
6040a96cdcc614001153fc55-docker-log-noderealtime-status_realtime-worker-stashed,"general: ['HB'], warning: ['HB'], error: ['HB']"
6040a96cdcc614001153fc55-docker-log-pythonalerts_alerts-engine-stashed,"general: [], warning: ['HB'], error: ['HB']"
6040a96cdcc614001153fc55-docker-log-portainer_agent-stashed,"general: [], warning: ['HB'], error: ['HB']"
6040a96cdcc614001153fc55-linux604b83b34c58ea0011d62213-log-mysql1fb662b1147eae28-stashed,"general: [], warning: ['HB'], error: ['HB']"
6040a96cdcc614001153fc55-linux6040f81b3a9e9f0012cec097-log-packetaid19e2731f9a3c4a1-stashed,"general: [], warning: ['HB'], error: ['HB']"
6040a96cdcc614001153fc55-docker-log-nodenotifications_notifications-service-stashed,"general: [], warning: ['HB'], error: ['HB']"
6040a96cdcc614001153fc55-docker-log-pythoncloudflare_doa-stashed,"general: [], warning: ['HB'], error: ['HB']"
6040a96cdcc614001153fc55-linux6040f8233a9e9f0012cec099-log-packetaic8b02ef02e13d5b0-stashed,"general: [], warning: ['HB'], error: ['HB']"
6035197a80f3760011ef864c-linux60365b0180f3760011ef86ae-log-04860a9a2336ffc4-stashed,"general: [], warning: ['HB'], error: ['HB']"
6040a96cdcc614001153fc55-docker-log-noderealtime-status_realtime-tasks-stashed,"general: [], warning: ['HB'], error: ['HB']"
6040a96cdcc614001153fc55-linux604b83aa4c58ea0011d62211-log-mysql285f9055e4559221-stashed,"general: [], warning: ['HB'], error: ['HB']"
6040a96cdcc614001153fc55-docker-log-gateway_caddy_server-stashed,"general: ['HB', 'Skyline'], warning: ['HB'], error: ['HB']"
6040a96cdcc614001153fc55-docker-log-rubylogs_fluentd-stashed,"general: [], warning: ['HB'], error: ['HB']"
6040a96cdcc614001153fc55-linux609bde4db677860011c6e30b-log-packetaif7c8ca92a057eb2b-stashed,"general: [], warning: ['HB'], error: ['HB']"
6040a96cdcc614001153fc55-docker-log-pythonbackup_dockup-node-stashed,"general: [], warning: ['HB'], error: ['HB']"
6040a96cdcc614001153fc55-docker-log-pythonpost-processing_post-processing-tasks-stashed,"general: [], warning: ['HB'], error: ['HB']"
60a2390e25278b48a8da62c2-linux60a2394a25278b48a8da62c5-log-linux60a2394a25278b48a8da62c5-stashed,"general: [], warning: ['HB'], error: ['HB']"
6040a96cdcc614001153fc55-docker-log-mysql_router-stashed,"general: [], warning: ['HB'], error: ['HB']"
6040a96cdcc614001153fc55-linux6040f7e73a9e9f0012cec090-log-packetaic28dad7d13a02062-stashed,"general: [], warning: ['HB'], error: ['HB']"
6040a96cdcc614001153fc55-docker-log-nodeapp_app-stashed,"general: ['HB', 'Skyline'], warning: ['HB'], error: ['HB']"
6040a96cdcc614001153fc55-docker-log-nodesensinglabs-mqtt_sensinglabs-mqtt-stashed,"general: ['HB'], warning: ['HB'], error: ['HB']"
603e53a8a72190001210f7fb-docker-log-nodeaffluence_stack_nodeapp-stashed,"general: [], warning: ['HB'], error: ['HB']"
6040a96cdcc614001153fc55-docker-log-nodedisplay_front-stashed,"general: [], warning: ['HB'], error: ['HB']"
60ed840f588aa700127280d6-linux60effb4aa06f320011336762-log-redisd8c18514db6a755b-stashed,"general: [], warning: ['HB'], error: ['HB']"
6040a96cdcc614001153fc55-linux609bdef1b677860011c6e30d-log-packetai8040f082d17d954a-stashed,"general: [], warning: ['HB'], error: ['HB']"
6040a96cdcc614001153fc55-docker-log-koios_koios-api-stashed,"general: [], warning: ['HB'], error: ['HB']"
6040a96cdcc614001153fc55-linux61c314eaa137b10130daf2b3-log-linux61c314eaa137b10130daf2b3-stashed,"general: ['HB', 'Skyline'], warning: ['HB'], error: ['HB']"
603fb007dcc614001153ef49-linux603fb511dcc614001153efc3-log-linux603fb511dcc614001153efc3-stashed,"general: [], warning: ['HB'], error: ['HB']"
6040a96cdcc614001153fc55-linux604b83b34c58ea0011d62213-log-linux604b83b34c58ea0011d62213-stashed,"general: [], warning: ['HB'], error: ['HB']"
6040a96cdcc614001153fc55-docker-log-nodezoho_zoho-service-stashed,"general: ['HB'], warning: ['HB'], error: ['HB']"
6040a96cdcc614001153fc55-docker-log-javaappsmith_appsmith-internal-server-stashed,"general: ['HB', 'Skyline'], warning: ['HB'], error: ['HB']"
6040a96cdcc614001153fc55-docker-log-nodeapp_app-web-stashed,"general: ['HB', 'Skyline'], warning: ['HB'], error: ['HB']"