ITComponentId,agent,anomalyEnd,anomalyStart,infrastructure,metricType,relevanceScore,timestamp
mysqlc7417121bf497af2,linux60effb4aa06f320011336762,1633410800000,1633410260000,60ed840f588aa700127280d6,mysql#status#innodb#rows#updated-no_subject,0.7437135187232333,1633413380000
mysqlc7417121bf497af2,linux60effb4aa06f320011336762,1633411160000,1633410080000,60ed840f588aa700127280d6,mysql#status#handler#write-no_subject,0.7140937758098094,1633413380000
nginxba18fc3c4101f4dc,linux60effb30a06f320011336761,1633414470000,1633413690000,60ed840f588aa700127280d6,nginx#stubstatus#handled-no_subject,0.7063147743562742,1633414890000
nginxba18fc3c4101f4dc,linux60effb30a06f320011336761,1633414470000,1633413690000,60ed840f588aa700127280d6,nginx#stubstatus#accepts-no_subject,0.7063147743562742,1633414890000
nginxadf41ad2429e8b98,linux60effb30a06f320011336761,1633414470000,1633413630000,60ed840f588aa700127280d6,nginx#stubstatus#handled-no_subject,0.70101804252003,1633414890000
nginxadf41ad2429e8b98,linux60effb30a06f320011336761,1633414470000,1633413630000,60ed840f588aa700127280d6,nginx#stubstatus#accepts-no_subject,0.70101804252003,1633414890000
mysqlc7417121bf497af2,linux60effb4aa06f320011336762,1633415060000,1633414220000,60ed840f588aa700127280d6,mysql#status#innodb#rows#inserted-no_subject,0.7862084407892782,1633415240000
packetaie55e008e14de3a44,linux60effb30a06f320011336761,1633418610000,1633418490000,60ed840f588aa700127280d6,system#process#cpu#total#value-no_subject,0.7261594681360113,1633418790000
nginxba18fc3c4101f4dc,linux60effb30a06f320011336761,1633419690000,1633419270000,60ed840f588aa700127280d6,nginx#stubstatus#writing-no_subject,0.7298115660479788,1633419870000
nginxba18fc3c4101f4dc,linux60effb30a06f320011336761,1633419690000,1633419270000,60ed840f588aa700127280d6,nginx#stubstatus#active-no_subject,0.7279360705487972,1633419870000
nginxba18fc3c4101f4dc,linux60effb30a06f320011336761,1633419810000,1633419210000,60ed840f588aa700127280d6,nginx#stubstatus#waiting-no_subject,0.7737747387117305,1633419990000
nginx54766a32fd37ac8d,linux60effb30a06f320011336761,1633419690000,1633419270000,60ed840f588aa700127280d6,nginx#stubstatus#writing-no_subject,0.7309852766752112,1633419870000
nginx54766a32fd37ac8d,linux60effb30a06f320011336761,1633419690000,1633419270000,60ed840f588aa700127280d6,nginx#stubstatus#active-no_subject,0.72606666203349,1633419870000
nginxadf41ad2429e8b98,linux60effb30a06f320011336761,1633419690000,1633419270000,60ed840f588aa700127280d6,nginx#stubstatus#writing-no_subject,0.700449192936316,1633419870000
nginx99d285f46098ef8a,linux60effadaa06f32001133675c,1633419980000,1633419500000,60ed840f588aa700127280d6,nginx#stubstatus#accepts-no_subject,0.7308664757248144,1633420160000
nginx99d285f46098ef8a,linux60effadaa06f32001133675c,1633419980000,1633419500000,60ed840f588aa700127280d6,nginx#stubstatus#requests-no_subject,0.7308664757248144,1633420160000
nginx99d285f46098ef8a,linux60effadaa06f32001133675c,1633419980000,1633419500000,60ed840f588aa700127280d6,nginx#stubstatus#handled-no_subject,0.7308664757248144,1633420160000
linux60effb26a06f320011336760,linux60effb26a06f320011336760,1633428550000,1633428130000,60ed840f588aa700127280d6,system#network#out#packets-no_subject,0.7412287260640552,1633428910000
linux60effb26a06f320011336760,linux60effb26a06f320011336760,1633428550000,1633428130000,60ed840f588aa700127280d6,system#network#in#packets-no_subject,0.7213728069564223,1633428910000
linux60effb26a06f320011336760,linux60effb26a06f320011336760,1633428850000,1633428130000,60ed840f588aa700127280d6,system#network#in#bytes-no_subject,0.7747893170187256,1633429030000
linux60effb26a06f320011336760,linux60effb26a06f320011336760,1633428910000,1633428310000,60ed840f588aa700127280d6,system#cpu#total#pct-no_subject,0.8119810179616408,1633429090000
packetaid43c54a48a1009eb,linux60effb26a06f320011336760,1633428850000,1633428310000,60ed840f588aa700127280d6,system#process#memory#rss#bytes-no_subject,0.7290198535240217,1633429090000
packetaid43c54a48a1009eb,linux60effb26a06f320011336760,1633429090000,1633428310000,60ed840f588aa700127280d6,system#process#cpu#total#norm#pct-no_subject,0.7100355344166456,1633429270000
packetaid43c54a48a1009eb,linux60effb26a06f320011336760,1633429090000,1633428310000,60ed840f588aa700127280d6,system#process#cpu#total#pct-no_subject,0.7100355344166456,1633429270000
nginx22d27dc8e4237c4f,linux60effb26a06f320011336760,1633429330000,1633428190000,60ed840f588aa700127280d6,nginx#stubstatus#active-no_subject,0.7263083208925621,1633429510000
nginx22d27dc8e4237c4f,linux60effb26a06f320011336760,1633429330000,1633428190000,60ed840f588aa700127280d6,nginx#stubstatus#writing-no_subject,0.7263083208925621,1633429510000
nginx22d27dc8e4237c4f,linux60effb26a06f320011336760,1633429450000,1633428130000,60ed840f588aa700127280d6,nginx#stubstatus#handled-no_subject,0.7252186401073208,1633429630000
nginx22d27dc8e4237c4f,linux60effb26a06f320011336760,1633429450000,1633428130000,60ed840f588aa700127280d6,nginx#stubstatus#current-no_subject,0.7252186401073208,1633429630000
nginx22d27dc8e4237c4f,linux60effb26a06f320011336760,1633429450000,1633428130000,60ed840f588aa700127280d6,nginx#stubstatus#requests-no_subject,0.7252186401073208,1633429630000
nginx22d27dc8e4237c4f,linux60effb26a06f320011336760,1633429450000,1633428130000,60ed840f588aa700127280d6,nginx#stubstatus#accepts-no_subject,0.7252186401073208,1633429630000
mysqlc7417121bf497af2,linux60effb4aa06f320011336762,1633422020000,1633420820000,60ed840f588aa700127280d6,mysql#status#threads#connected-no_subject,0.8122062062763491,1633432160000
mysqlc7417121bf497af2,linux60effb4aa06f320011336762,1633423160000,1633421480000,60ed840f588aa700127280d6,mysql#status#open#files-no_subject,0.8083721265825226,1633432160000
mysqlc7417121bf497af2,linux60effb4aa06f320011336762,1633428080000,1633417220000,60ed840f588aa700127280d6,mysql#galera_status#received#bytes-no_subject,0.793042374923811,1633432160000
mysqlc7417121bf497af2,linux60effb4aa06f320011336762,1633422020000,1633420820000,60ed840f588aa700127280d6,mysql#status#threads#running-no_subject,0.709314164309904,1633432160000
mysqlc7417121bf497af2,linux60effb4aa06f320011336762,1633428500000,1633421420000,60ed840f588aa700127280d6,mysql#galera_status#local#send#queue_max-no_subject,0.8231361263019505,1633432160000
mysqlc7417121bf497af2,linux60effb4aa06f320011336762,1633425740000,1633417160000,60ed840f588aa700127280d6,mysql#status#innodb#rows#deleted-no_subject,0.7128175453771055,1633432160000
redisd8c18514db6a755b,linux60effb4aa06f320011336762,1633432660000,1633432600000,60ed840f588aa700127280d6,redis#info#memory#used#dataset-no_subject,0.705192637902546,1633433080000
mysqlc7417121bf497af2,linux60effb4aa06f320011336762,1633439360000,1633417220000,60ed840f588aa700127280d6,mysql#status#innodb#rows#inserted-no_subject,0.7774197557176018,1633439900000
nginxba18fc3c4101f4dc,linux60effb30a06f320011336761,1633444470000,1633444050000,60ed840f588aa700127280d6,nginx#stubstatus#requests-no_subject,0.7185499712478252,1633444650000
nginx54766a32fd37ac8d,linux60effb30a06f320011336761,1633444470000,1633444050000,60ed840f588aa700127280d6,nginx#stubstatus#requests-no_subject,0.7135404750692033,1633444650000
nginxadf41ad2429e8b98,linux60effb30a06f320011336761,1633444470000,1633444050000,60ed840f588aa700127280d6,nginx#stubstatus#requests-no_subject,0.709771053376751,1633444650000
mysqlc7417121bf497af2,linux60effb4aa06f320011336762,1633445780000,1633443440000,60ed840f588aa700127280d6,mysql#status#innodb#rows#updated-no_subject,0.7297108969678271,1633447460000
mysqlc7417121bf497af2,linux60effb4aa06f320011336762,1633444940000,1633443680000,60ed840f588aa700127280d6,mysql#status#innodb#buffer_pool#write_requests-no_subject,0.8462513420056211,1633447460000
mysqlc7417121bf497af2,linux60effb4aa06f320011336762,1633444880000,1633443680000,60ed840f588aa700127280d6,mysql#galera_status#repl#keys-no_subject,0.7827420559793122,1633447460000
mysqlc7417121bf497af2,linux60effb4aa06f320011336762,1633444880000,1633443680000,60ed840f588aa700127280d6,mysql#galera_status#repl#keys_bytes-no_subject,0.7949861616173065,1633447460000
mysqlc7417121bf497af2,linux60effb4aa06f320011336762,1633444880000,1633443680000,60ed840f588aa700127280d6,mysql#status#innodb#rows#deleted-no_subject,0.9913820605171035,1633447460000
mysqlc7417121bf497af2,linux60effb4aa06f320011336762,1633444880000,1633443680000,60ed840f588aa700127280d6,mysql#galera_status#cert#index_size-no_subject,0.7446650923372792,1633447460000
nginxba18fc3c4101f4dc,linux60effb30a06f320011336761,1633451250000,1633450950000,60ed840f588aa700127280d6,nginx#stubstatus#waiting-no_subject,0.7234688074463325,1633451430000
nginxba18fc3c4101f4dc,linux60effb30a06f320011336761,1633451310000,1633450950000,60ed840f588aa700127280d6,nginx#stubstatus#requests-no_subject,0.7223287757956166,1633451490000
nginx54766a32fd37ac8d,linux60effb30a06f320011336761,1633451250000,1633450950000,60ed840f588aa700127280d6,nginx#stubstatus#waiting-no_subject,0.7276111601935269,1633451490000
nginx54766a32fd37ac8d,linux60effb30a06f320011336761,1633451310000,1633450950000,60ed840f588aa700127280d6,nginx#stubstatus#requests-no_subject,0.7164723040541018,1633451490000
nginxadf41ad2429e8b98,linux60effb30a06f320011336761,1633451310000,1633450950000,60ed840f588aa700127280d6,nginx#stubstatus#requests-no_subject,0.7186625200439541,1633451490000
mysqlc7417121bf497af2,linux60effb4aa06f320011336762,1633453940000,1633453340000,60ed840f588aa700127280d6,mysql#status#innodb#buffer_pool#pool#reads-no_subject,0.9903571428571428,1633454180000
linux60effb30a06f320011336761,linux60effb30a06f320011336761,1633455450000,1633455330000,60ed840f588aa700127280d6,system#network#out#bytes-no_subject,0.7034288854391036,1633455630000
packetaie55e008e14de3a44,linux60effb30a06f320011336761,1633455450000,1633455330000,60ed840f588aa700127280d6,system#process#cpu#total#value-no_subject,0.7273225572501075,1633455630000
mysqlc7417121bf497af2,linux60effb4aa06f320011336762,1633500380000,1633499960000,60ed840f588aa700127280d6,mysql#status#innodb#rows#inserted-no_subject,0.7159520024636327,1633500560000
linux60effadaa06f32001133675c,linux60effadaa06f32001133675c,1633508530000,1633508410000,60ed840f588aa700127280d6,system#memory#actual#used#pct-no_subject,0.71,1633508710000
nginxba18fc3c4101f4dc,linux60effb30a06f320011336761,1633509090000,1633508130000,60ed840f588aa700127280d6,nginx#stubstatus#requests-no_subject,0.7400431880792347,1633509270000
nginxba18fc3c4101f4dc,linux60effb30a06f320011336761,1633509150000,1633508130000,60ed840f588aa700127280d6,nginx#stubstatus#writing-no_subject,0.7063806610593913,1633509330000
nginxba18fc3c4101f4dc,linux60effb30a06f320011336761,1633509150000,1633508130000,60ed840f588aa700127280d6,nginx#stubstatus#active-no_subject,0.7139668115403891,1633509330000
nginx54766a32fd37ac8d,linux60effb30a06f320011336761,1633508970000,1633508130000,60ed840f588aa700127280d6,nginx#stubstatus#requests-no_subject,0.7508430144858439,1633509150000
nginx54766a32fd37ac8d,linux60effb30a06f320011336761,1633509150000,1633508130000,60ed840f588aa700127280d6,nginx#stubstatus#writing-no_subject,0.7050275121661849,1633509330000
nginx54766a32fd37ac8d,linux60effb30a06f320011336761,1633509150000,1633508130000,60ed840f588aa700127280d6,nginx#stubstatus#active-no_subject,0.7117791491523415,1633509330000
nginxadf41ad2429e8b98,linux60effb30a06f320011336761,1633508970000,1633508130000,60ed840f588aa700127280d6,nginx#stubstatus#requests-no_subject,0.7854365291030484,1633509270000
nginxadf41ad2429e8b98,linux60effb30a06f320011336761,1633509150000,1633508130000,60ed840f588aa700127280d6,nginx#stubstatus#writing-no_subject,0.7152945823206206,1633509330000
nginxe384f96a12cfc88a,linux60effa84a06f32001133675a,1633508650000,1633508170000,60ed840f588aa700127280d6,nginx#stubstatus#waiting-no_subject,0.9650000000000001,1633509130000
nginxadf41ad2429e8b98,linux60effb30a06f320011336761,1633509270000,1633508130000,60ed840f588aa700127280d6,nginx#stubstatus#active-no_subject,0.7134524899097058,1633509510000
mysqlc7417121bf497af2,linux60effb4aa06f320011336762,1633508660000,1633508480000,60ed840f588aa700127280d6,mysql#status#innodb#buffer_pool#write_requests-no_subject,0.7060737745721185,1633509740000
mysqlc7417121bf497af2,linux60effb4aa06f320011336762,1633510100000,1633508780000,60ed840f588aa700127280d6,mysql#status#threads#running-no_subject,0.7278260360068352,1633510280000
mysqlc7417121bf497af2,linux60effb4aa06f320011336762,1633511960000,1633511480000,60ed840f588aa700127280d6,mysql#galera_status#cert#interval-no_subject,0.7048580671408735,1633512260000
mysqlc7417121bf497af2,linux60effb4aa06f320011336762,1633512380000,1633511360000,60ed840f588aa700127280d6,mysql#status#threads#running-no_subject,0.8523869763020374,1633512680000
nginxadf41ad2429e8b98,linux60effb30a06f320011336761,1633532490000,1633532250000,60ed840f588aa700127280d6,nginx#stubstatus#accepts-no_subject,0.7094120018575577,1633532670000
nginxadf41ad2429e8b98,linux60effb30a06f320011336761,1633532490000,1633532250000,60ed840f588aa700127280d6,nginx#stubstatus#handled-no_subject,0.7094120018575577,1633532670000
packetaie55e008e14de3a44,linux60effb30a06f320011336761,1633532550000,1633532310000,60ed840f588aa700127280d6,system#process#memory#size-no_subject,0.7366419316615157,1633532730000
packetaie55e008e14de3a44,linux60effb30a06f320011336761,1633532550000,1633532310000,60ed840f588aa700127280d6,system#process#fd#open-no_subject,0.7421679855293162,1633532730000
mysqlc7417121bf497af2,linux60effb4aa06f320011336762,1633539260000,1633538960000,60ed840f588aa700127280d6,mysql#status#threads#cached-no_subject,0.7127692698627733,1633539560000
mysqlc7417121bf497af2,linux60effb4aa06f320011336762,1633568960000,1633568900000,60ed840f588aa700127280d6,mysql#galera_status#received#bytes-no_subject,0.7136042511227833,1633569140000
linux60effb26a06f320011336760,linux60effb26a06f320011336760,1633588810000,1633588030000,60ed840f588aa700127280d6,system#memory#swap#used#pct-no_subject,0.7608280399177895,1633588990000
nginxba18fc3c4101f4dc,linux60effb30a06f320011336761,1633620990000,1633620750000,60ed840f588aa700127280d6,nginx#stubstatus#current-no_subject,0.7360300393807324,1633621170000
nginx54766a32fd37ac8d,linux60effb30a06f320011336761,1633620990000,1633620750000,60ed840f588aa700127280d6,nginx#stubstatus#current-no_subject,0.730400258326152,1633621170000
nginxadf41ad2429e8b98,linux60effb30a06f320011336761,1633620990000,1633620750000,60ed840f588aa700127280d6,nginx#stubstatus#current-no_subject,0.7701821368864418,1633621170000
linux60effadaa06f32001133675c,linux60effadaa06f32001133675c,1633623550000,1633623130000,60ed840f588aa700127280d6,system#network#in#bytes-no_subject,0.7553117543726667,1633623730000
mysqlc7417121bf497af2,linux60effb4aa06f320011336762,1633655360000,1633655300000,60ed840f588aa700127280d6,mysql#galera_status#received#bytes-no_subject,0.714542018797859,1633655540000
nginx99d285f46098ef8a,linux60effadaa06f32001133675c,1633684280000,1633683920000,60ed840f588aa700127280d6,nginx#stubstatus#current-no_subject,0.8196403492732621,1633684460000
linux60effb4aa06f320011336762,linux60effb4aa06f320011336762,1633707490000,1633707070000,60ed840f588aa700127280d6,system#diskio#iostat#write#per_sec#bytes-nvme0n1p3,0.7365494690418002,1633707670000
linux60effb4aa06f320011336762,linux60effb4aa06f320011336762,1633707490000,1633707070000,60ed840f588aa700127280d6,system#diskio#iostat#write#per_sec#bytes-nvme1n1p3,0.7365494690418002,1633707670000
linux60effb4aa06f320011336762,linux60effb4aa06f320011336762,1633707490000,1633707070000,60ed840f588aa700127280d6,system#diskio#iostat#write#per_sec#bytes-nvme1n1,0.7340499879017798,1633707670000
linux60effb4aa06f320011336762,linux60effb4aa06f320011336762,1633707490000,1633707070000,60ed840f588aa700127280d6,system#diskio#iostat#write#per_sec#bytes-nvme0n1,0.7340499879017798,1633707670000
linux60effb4aa06f320011336762,linux60effb4aa06f320011336762,1633707490000,1633707070000,60ed840f588aa700127280d6,system#diskio#iostat#write#per_sec#bytes-md3,0.7299929214830959,1633707670000
mysqlc7417121bf497af2,linux60effb4aa06f320011336762,1633708280000,1633706960000,60ed840f588aa700127280d6,mysql#status#innodb#rows#deleted-no_subject,0.7627210477263405,1633708640000
mysqlc7417121bf497af2,linux60effb4aa06f320011336762,1633707980000,1633706960000,60ed840f588aa700127280d6,mysql#galera_status#cert#index_size-no_subject,0.811509066250545,1633708640000
mysqlc7417121bf497af2,linux60effb4aa06f320011336762,1633708640000,1633707440000,60ed840f588aa700127280d6,mysql#status#innodb#buffer_pool#pages#misc-no_subject,1,1633708820000
mysqlc7417121bf497af2,linux60effb4aa06f320011336762,1633708640000,1633707500000,60ed840f588aa700127280d6,mysql#status#innodb#buffer_pool#pages#data-no_subject,1,1633708820000
mysqlc7417121bf497af2,linux60effb4aa06f320011336762,1633708640000,1633707500000,60ed840f588aa700127280d6,mysql#status#innodb#buffer_pool#bytes#data-no_subject,1,1633708820000
mysqlc7417121bf497af2,linux60effb4aa06f320011336762,1633709540000,1633709240000,60ed840f588aa700127280d6,mysql#status#innodb#buffer_pool#pages#misc-no_subject,0.7621538520949923,1633709720000
linux60effb4aa06f320011336762,linux60effb4aa06f320011336762,1633709830000,1633709650000,60ed840f588aa700127280d6,system#diskio#iostat#read#per_sec#bytes-nvme0n1,0.7321840934390648,1633710010000
linux60effb4aa06f320011336762,linux60effb4aa06f320011336762,1633709830000,1633709650000,60ed840f588aa700127280d6,system#diskio#iostat#read#per_sec#bytes-nvme0n1p3,0.7321840934390648,1633710010000
linux60effb4aa06f320011336762,linux60effb4aa06f320011336762,1633710130000,1633709830000,60ed840f588aa700127280d6,system#diskio#iostat#write#per_sec#bytes-nvme0n1p3,0.7021356978273844,1633710310000
linux60effb4aa06f320011336762,linux60effb4aa06f320011336762,1633710130000,1633709830000,60ed840f588aa700127280d6,system#diskio#iostat#write#per_sec#bytes-nvme1n1p3,0.7021356978273844,1633710310000
linux60effb4aa06f320011336762,linux60effb4aa06f320011336762,1633710130000,1633709830000,60ed840f588aa700127280d6,system#diskio#iostat#write#per_sec#bytes-nvme1n1,0.7021603562666813,1633710310000
linux60effb4aa06f320011336762,linux60effb4aa06f320011336762,1633710130000,1633709830000,60ed840f588aa700127280d6,system#diskio#iostat#write#per_sec#bytes-nvme0n1,0.7021603562666813,1633710310000
mysqlc7417121bf497af2,linux60effb4aa06f320011336762,1633710800000,1633709960000,60ed840f588aa700127280d6,mysql#galera_status#repl#data_bytes-no_subject,0.7009858686979675,1633710980000
redisd8c18514db6a755b,linux60effb4aa06f320011336762,1633711550000,1633711250000,60ed840f588aa700127280d6,redis#info#stats#latest_fork_usec-no_subject,0.7077300625315958,1633711730000
linux60effb4aa06f320011336762,linux60effb4aa06f320011336762,1633714990000,1633714630000,60ed840f588aa700127280d6,system#diskio#iostat#write#per_sec#bytes-md3,0.705709963716041,1633715170000
linux60effb4aa06f320011336762,linux60effb4aa06f320011336762,1633720330000,1633719910000,60ed840f588aa700127280d6,system#diskio#iostat#write#per_sec#bytes-md3,0.7060964525766681,1633720510000
mysqlc7417121bf497af2,linux60effb4aa06f320011336762,1633720460000,1633719860000,60ed840f588aa700127280d6,mysql#status#innodb#rows#deleted-no_subject,0.8040991727306227,1633721240000
mysqlc7417121bf497af2,linux60effb4aa06f320011336762,1633733300000,1633732820000,60ed840f588aa700127280d6,mysql#galera_status#local#send#queue_max-no_subject,0.709052285131826,1633733480000
mysqlc7417121bf497af2,linux60effb4aa06f320011336762,1633749560000,1633748540000,60ed840f588aa700127280d6,mysql#status#innodb#buffer_pool#pages#misc-no_subject,0.7553488744936048,1633749740000
mysqlc7417121bf497af2,linux60effb4aa06f320011336762,1633762160000,1633761680000,60ed840f588aa700127280d6,mysql#galera_status#cert#index_size-no_subject,0.7321485082336167,1633762340000
mysqlc7417121bf497af2,linux60effb4aa06f320011336762,1633762940000,1633762580000,60ed840f588aa700127280d6,mysql#galera_status#repl#bytes-no_subject,0.7004493391384933,1633763180000
mysqlc7417121bf497af2,linux60effb4aa06f320011336762,1633763000000,1633762580000,60ed840f588aa700127280d6,mysql#status#innodb#buffer_pool#write_requests-no_subject,0.757057739827919,1633763180000
mysqlc7417121bf497af2,linux60effb4aa06f320011336762,1633762940000,1633762580000,60ed840f588aa700127280d6,mysql#status#innodb#rows#deleted-no_subject,0.888208554055586,1633763180000
mysqlc7417121bf497af2,linux60effb4aa06f320011336762,1633762940000,1633762580000,60ed840f588aa700127280d6,mysql#galera_status#cert#index_size-no_subject,0.7890269824310088,1633763180000
linux60effb11a06f32001133675e,linux60effb11a06f32001133675e,1633772960000,1633772600000,60ed840f588aa700127280d6,system#memory#actual#used#pct-no_subject,0.7687770756926917,1633773140000
apache18870476d1dd1663,linux60effb11a06f32001133675e,1633772910000,1633772610000,60ed840f588aa700127280d6,apache#status#cpu#system-no_subject,0.9143976048115817,1633773750000
apache18870476d1dd1663,linux60effb11a06f32001133675e,1633773330000,1633772610000,60ed840f588aa700127280d6,apache#status#bytes_per_sec-no_subject,0.7497171513963381,1633773750000
apache18870476d1dd1663,linux60effb11a06f32001133675e,1633773330000,1633772610000,60ed840f588aa700127280d6,apache#status#requests_per_sec-no_subject,1,1633773750000
apache18870476d1dd1663,linux60effb11a06f32001133675e,1633773630000,1633772610000,60ed840f588aa700127280d6,apache#status#bytes_per_request-no_subject,0.9133726955522169,1633773810000
apache18870476d1dd1663,linux60effb11a06f32001133675e,1633773930000,1633773210000,60ed840f588aa700127280d6,apache#status#cpu#load-no_subject,0.7233469128974992,1633774110000
mysqlc7417121bf497af2,linux60effb4aa06f320011336762,1633779680000,1633778840000,60ed840f588aa700127280d6,mysql#status#threads#connected-no_subject,0.8529015394647183,1633780160000
redisd8c18514db6a755b,linux60effb4aa06f320011336762,1633782000000,1633772210000,60ed840f588aa700127280d6,redis#info#stats#net#output#bytes-no_subject,0.8332263479031257,1633783740000
redisd8c18514db6a755b,linux60effb4aa06f320011336762,1633773650000,1633772810000,60ed840f588aa700127280d6,redis#info#stats#instantaneous#output_kbps-no_subject,0.8762019243867485,1633783740000
redisd8c18514db6a755b,linux60effb4aa06f320011336762,1633783740000,1633772450000,60ed840f588aa700127280d6,redis#info#stats#keyspace#hits-no_subject,1,1633783920000
redisd8c18514db6a755b,linux60effb4aa06f320011336762,1633783680000,1633772450000,60ed840f588aa700127280d6,redis#info#stats#keyspace#misses-no_subject,1,1633783920000
redisd8c18514db6a755b,linux60effb4aa06f320011336762,1633784100000,1633783980000,60ed840f588aa700127280d6,redis#info#stats#keyspace#hits-no_subject,0.71,1633784280000
redisd8c18514db6a755b,linux60effb4aa06f320011336762,1633785000000,1633784640000,60ed840f588aa700127280d6,redis#info#stats#keyspace#hits-no_subject,0.925,1633785180000
mysqlc7417121bf497af2,linux60effb4aa06f320011336762,1633813700000,1633813280000,60ed840f588aa700127280d6,mysql#galera_status#local#recv#queue_max-no_subject,0.8270635283051501,1633813880000
redisd8c18514db6a755b,linux60effb4aa06f320011336762,1633814950000,1633793830000,60ed840f588aa700127280d6,redis#info#clients#connected-no_subject,1,1633819270000
redisd8c18514db6a755b,linux60effb4aa06f320011336762,1633798450000,1633785360000,60ed840f588aa700127280d6,redis#info#stats#keyspace#misses-no_subject,1,1633819270000
linux60effb4aa06f320011336762,linux60effb4aa06f320011336762,1633849270000,1633849030000,60ed840f588aa700127280d6,system#cpu#total#pct-no_subject,0.7295799571928189,1633849450000
mysqlc7417121bf497af2,linux60effb4aa06f320011336762,1633902200000,1633901900000,60ed840f588aa700127280d6,mysql#status#questions-no_subject,0.7348008883623147,1633902380000
mysqlc7417121bf497af2,linux60effb4aa06f320011336762,1633902200000,1633901900000,60ed840f588aa700127280d6,mysql#status#bytes#sent-no_subject,0.7876515625693324,1633902380000
nginxba18fc3c4101f4dc,linux60effb30a06f320011336761,1633902160000,1633901800000,60ed840f588aa700127280d6,nginx#stubstatus#handled-no_subject,0.7604673295758545,1633902340000
nginxba18fc3c4101f4dc,linux60effb30a06f320011336761,1633902160000,1633901800000,60ed840f588aa700127280d6,nginx#stubstatus#accepts-no_subject,0.7604673295758545,1633902340000
nginx54766a32fd37ac8d,linux60effb30a06f320011336761,1633902150000,1633901790000,60ed840f588aa700127280d6,nginx#stubstatus#accepts-no_subject,0.757862298014846,1633902330000
nginx54766a32fd37ac8d,linux60effb30a06f320011336761,1633902150000,1633901790000,60ed840f588aa700127280d6,nginx#stubstatus#handled-no_subject,0.757862298014846,1633902330000
nginxadf41ad2429e8b98,linux60effb30a06f320011336761,1633902090000,1633901790000,60ed840f588aa700127280d6,nginx#stubstatus#requests-no_subject,0.7112904101273685,1633902270000
nginxadf41ad2429e8b98,linux60effb30a06f320011336761,1633902150000,1633901790000,60ed840f588aa700127280d6,nginx#stubstatus#current-no_subject,0.7009565178709649,1633902330000
nginxadf41ad2429e8b98,linux60effb30a06f320011336761,1633902150000,1633901790000,60ed840f588aa700127280d6,nginx#stubstatus#accepts-no_subject,0.7906997664706817,1633902330000
nginxadf41ad2429e8b98,linux60effb30a06f320011336761,1633902150000,1633901790000,60ed840f588aa700127280d6,nginx#stubstatus#handled-no_subject,0.7906997664706817,1633902330000
mysqlc7417121bf497af2,linux60effb4aa06f320011336762,1633904060000,1633903520000,60ed840f588aa700127280d6,mysql#galera_status#cert#deps_distance-no_subject,0.7179714307819912,1633904300000
mysqlc7417121bf497af2,linux60effb4aa06f320011336762,1633904120000,1633903520000,60ed840f588aa700127280d6,mysql#galera_status#apply#window-no_subject,0.7559136734353104,1633904300000
mysqlc7417121bf497af2,linux60effb4aa06f320011336762,1633904180000,1633903520000,60ed840f588aa700127280d6,mysql#galera_status#cert#interval-no_subject,0.7431220849416044,1633904360000
mysqlc7417121bf497af2,linux60effb4aa06f320011336762,1633904180000,1633903520000,60ed840f588aa700127280d6,mysql#galera_status#local#send#queue_avg-no_subject,0.7694638688937023,1633904360000
mysqlc7417121bf497af2,linux60effb4aa06f320011336762,1633907300000,1633906880000,60ed840f588aa700127280d6,mysql#galera_status#local#recv#queue_max-no_subject,0.7086386800579513,1633907480000
packetaid43c54a48a1009eb,linux60effb26a06f320011336760,1633907230000,1633906210000,60ed840f588aa700127280d6,system#process#memory#size-no_subject,0.8283339606778909,1633907410000
nginxba18fc3c4101f4dc,linux60effb30a06f320011336761,1633946980000,1633946140000,60ed840f588aa700127280d6,nginx#stubstatus#handled-no_subject,0.703925086997926,1633947220000
nginxba18fc3c4101f4dc,linux60effb30a06f320011336761,1633946980000,1633946140000,60ed840f588aa700127280d6,nginx#stubstatus#accepts-no_subject,0.703925086997926,1633947220000
nginxba18fc3c4101f4dc,linux60effb30a06f320011336761,1633946920000,1633946140000,60ed840f588aa700127280d6,nginx#stubstatus#requests-no_subject,0.7269421228350258,1633947220000
nginxba18fc3c4101f4dc,linux60effb30a06f320011336761,1633947100000,1633946380000,60ed840f588aa700127280d6,nginx#stubstatus#active-no_subject,0.7089774718177307,1633947280000
nginx54766a32fd37ac8d,linux60effb30a06f320011336761,1633946910000,1633945950000,60ed840f588aa700127280d6,nginx#stubstatus#current-no_subject,0.7101346792977713,1633947210000
nginx54766a32fd37ac8d,linux60effb30a06f320011336761,1633946910000,1633946130000,60ed840f588aa700127280d6,nginx#stubstatus#requests-no_subject,0.7251461211707743,1633947210000
nginxadf41ad2429e8b98,linux60effb30a06f320011336761,1633946910000,1633946130000,60ed840f588aa700127280d6,nginx#stubstatus#requests-no_subject,0.74966654784558,1633947210000
nginxadf41ad2429e8b98,linux60effb30a06f320011336761,1633946970000,1633945950000,60ed840f588aa700127280d6,nginx#stubstatus#current-no_subject,0.7329885382205653,1633947210000
nginxadf41ad2429e8b98,linux60effb30a06f320011336761,1633947090000,1633946370000,60ed840f588aa700127280d6,nginx#stubstatus#writing-no_subject,0.7121408461261995,1633947270000
nginxba18fc3c4101f4dc,linux60effb30a06f320011336761,1633947220000,1633946140000,60ed840f588aa700127280d6,nginx#stubstatus#waiting-no_subject,0.7823301858613075,1633947400000
nginx54766a32fd37ac8d,linux60effb30a06f320011336761,1633947210000,1633946130000,60ed840f588aa700127280d6,nginx#stubstatus#waiting-no_subject,0.747228135561051,1633947390000
nginxadf41ad2429e8b98,linux60effb30a06f320011336761,1633947150000,1633946370000,60ed840f588aa700127280d6,nginx#stubstatus#active-no_subject,0.7067427617407464,1633947330000
nginxadf41ad2429e8b98,linux60effb30a06f320011336761,1633947210000,1633946130000,60ed840f588aa700127280d6,nginx#stubstatus#waiting-no_subject,0.7040674007699005,1633947390000
mysqlc7417121bf497af2,linux60effb4aa06f320011336762,1633954700000,1633954160000,60ed840f588aa700127280d6,mysql#status#innodb#buffer_pool#pages#dirty-no_subject,0.7031144860223596,1633954940000
mysqlc7417121bf497af2,linux60effb4aa06f320011336762,1633954700000,1633954160000,60ed840f588aa700127280d6,mysql#status#innodb#buffer_pool#bytes#dirty-no_subject,0.7031144860223596,1633954940000
packetaid43c54a48a1009eb,linux60effb26a06f320011336760,1633962190000,1633961410000,60ed840f588aa700127280d6,system#process#memory#rss#pct-no_subject,0.7598686111082548,1633979290000
packetaid43c54a48a1009eb,linux60effb26a06f320011336760,1633962190000,1633961410000,60ed840f588aa700127280d6,system#process#memory#rss#bytes-no_subject,0.7656959222509482,1633979290000
mysqlc7417121bf497af2,linux60effb4aa06f320011336762,1634031560000,1634030360000,60ed840f588aa700127280d6,mysql#galera_status#local#send#queue_max-no_subject,0.8044012839256193,1634031740000
nginx99d285f46098ef8a,linux60effadaa06f32001133675c,1634045420000,1634044760000,60ed840f588aa700127280d6,nginx#stubstatus#accepts-no_subject,0.7804580992463555,1634045600000
nginx99d285f46098ef8a,linux60effadaa06f32001133675c,1634045420000,1634044760000,60ed840f588aa700127280d6,nginx#stubstatus#requests-no_subject,0.7804580992463555,1634045600000
nginx99d285f46098ef8a,linux60effadaa06f32001133675c,1634045420000,1634044760000,60ed840f588aa700127280d6,nginx#stubstatus#current-no_subject,0.7975205087488749,1634045600000
nginx99d285f46098ef8a,linux60effadaa06f32001133675c,1634045420000,1634044760000,60ed840f588aa700127280d6,nginx#stubstatus#handled-no_subject,0.7804580992463555,1634045600000
packetai8143abc5b8149d09,linux60effadaa06f32001133675c,1634045300000,1634044760000,60ed840f588aa700127280d6,system#process#memory#rss#bytes-no_subject,0.713021408521867,1634045480000
packetaid43c54a48a1009eb,linux60effb26a06f320011336760,1634048950000,1634047810000,60ed840f588aa700127280d6,system#process#memory#size-no_subject,0.7647086672700886,1634049130000
redisd8c18514db6a755b,linux60effb4aa06f320011336762,1634113390000,1634109630000,60ed840f588aa700127280d6,redis#info#replication#master#last_io_seconds_ago-no_subject,1,1634113570000
redisd8c18514db6a755b,linux60effb4aa06f320011336762,1634113450000,1634109690000,60ed840f588aa700127280d6,redis#info#stats#net#output#bytes-no_subject,0.8213732269943983,1634113630000
redisd8c18514db6a755b,linux60effb4aa06f320011336762,1634113450000,1634109690000,60ed840f588aa700127280d6,redis#info#stats#connections#received-no_subject,0.796717268717901,1634113630000
mysqlc7417121bf497af2,linux60effb4aa06f320011336762,1634113390000,1634109680000,60ed840f588aa700127280d6,mysql#galera_status#cluster#size-no_subject,0.7701802008951262,1634113570000
packetaid43c54a48a1009eb,linux60effb26a06f320011336760,1634113500000,1634109850000,60ed840f588aa700127280d6,system#process#memory#rss#bytes-no_subject,0.7191877845727328,1634113680000
packetaid43c54a48a1009eb,linux60effb26a06f320011336760,1634113500000,1634109850000,60ed840f588aa700127280d6,system#process#memory#rss#pct-no_subject,0.7164581475834008,1634113680000
packetaifa38aa8ce0b94f43,linux60effb11a06f32001133675e,1634113790000,1634109740000,60ed840f588aa700127280d6,system#process#fd#open-no_subject,0.8945332259515988,1634113970000
packetaid43c54a48a1009eb,linux60effb26a06f320011336760,1634113680000,1634109730000,60ed840f588aa700127280d6,system#process#fd#open-no_subject,0.7134292576823201,1634113860000
packetai8143abc5b8149d09,linux60effadaa06f32001133675c,1634113420000,1634109860000,60ed840f588aa700127280d6,system#process#memory#rss#pct-no_subject,0.7078816378159908,1634114620000
packetai8143abc5b8149d09,linux60effadaa06f32001133675c,1634113420000,1634109860000,60ed840f588aa700127280d6,system#process#memory#rss#bytes-no_subject,0.7318636099912484,1634114620000
linux60effb11a06f32001133675e,linux60effb11a06f32001133675e,1634115290000,1634114810000,60ed840f588aa700127280d6,system#network#in#bytes-no_subject,0.7508112047836873,1634115470000
linux60effb11a06f32001133675e,linux60effb11a06f32001133675e,1634115350000,1634115170000,60ed840f588aa700127280d6,system#network#out#packets-no_subject,0.7020030722396563,1634115530000
redisd8c18514db6a755b,linux60effb4aa06f320011336762,1634116990000,1634116570000,60ed840f588aa700127280d6,redis#keyspace#keys-no_subject,0.7660450355967928,1634117230000
redisd8c18514db6a755b,linux60effb4aa06f320011336762,1634116990000,1634116570000,60ed840f588aa700127280d6,redis#keyspace#expires-no_subject,0.7660450355967928,1634117230000
mysqlc7417121bf497af2,linux60effb4aa06f320011336762,1634115430000,1634114830000,60ed840f588aa700127280d6,mysql#status#questions-no_subject,0.7500552024981745,1634117170000
mysqlc7417121bf497af2,linux60effb4aa06f320011336762,1634115430000,1634114830000,60ed840f588aa700127280d6,mysql#status#cache#table#open_cache#hits-no_subject,0.7542644816118077,1634117170000
mysqlc7417121bf497af2,linux60effb4aa06f320011336762,1634115490000,1634114830000,60ed840f588aa700127280d6,mysql#status#cache#table#open_cache#overflows-no_subject,0.7148829513522355,1634117170000
mysqlc7417121bf497af2,linux60effb4aa06f320011336762,1634115490000,1634114830000,60ed840f588aa700127280d6,mysql#status#cache#table#open_cache#misses-no_subject,0.7171682133502478,1634117170000
mysqlc7417121bf497af2,linux60effb4aa06f320011336762,1634115430000,1634114830000,60ed840f588aa700127280d6,mysql#status#queries-no_subject,0.7536951261828847,1634117170000
mysqlc7417121bf497af2,linux60effb4aa06f320011336762,1634115430000,1634114830000,60ed840f588aa700127280d6,mysql#status#bytes#sent-no_subject,0.7585169932876711,1634117170000
mysqlc7417121bf497af2,linux60effb4aa06f320011336762,1634115130000,1634114830000,60ed840f588aa700127280d6,mysql#status#innodb#rows#inserted-no_subject,0.8314401535543294,1634117170000
mysqlc7417121bf497af2,linux60effb4aa06f320011336762,1634116810000,1634114830000,60ed840f588aa700127280d6,mysql#status#threads#connected-no_subject,0.8421978194274161,1634117170000
mysqlc7417121bf497af2,linux60effb4aa06f320011336762,1634115430000,1634114830000,60ed840f588aa700127280d6,mysql#status#bytes#received-no_subject,0.7492717289768906,1634117170000
mysqlc7417121bf497af2,linux60effb4aa06f320011336762,1634116570000,1634114830000,60ed840f588aa700127280d6,mysql#status#open#files-no_subject,0.8271795453715186,1634117170000
mysqlc7417121bf497af2,linux60effb4aa06f320011336762,1634115130000,1634114830000,60ed840f588aa700127280d6,mysql#status#innodb#rows#updated-no_subject,0.8495445882325203,1634117170000
mysqlc7417121bf497af2,linux60effb4aa06f320011336762,1634115490000,1634114830000,60ed840f588aa700127280d6,mysql#status#opened_tables-no_subject,0.7144003663339528,1634117170000
mysqlc7417121bf497af2,linux60effb4aa06f320011336762,1634117170000,1634116870000,60ed840f588aa700127280d6,mysql#status#threads#cached-no_subject,0.7092069324371383,1634117350000
redisd8c18514db6a755b,linux60effb4aa06f320011336762,1634118490000,1634118190000,60ed840f588aa700127280d6,redis#info#clients#connected-no_subject,0.7162678193997905,1634118670000
mysqlc7417121bf497af2,linux60effb4aa06f320011336762,1634121790000,1634121130000,60ed840f588aa700127280d6,mysql#status#queries-no_subject,0.7372328666712313,1634121970000
redisd8c18514db6a755b,linux60effb4aa06f320011336762,1634133010000,1634132290000,60ed840f588aa700127280d6,redis#info#stats#keyspace#misses-no_subject,0.8293949686136464,1634133190000
redisd8c18514db6a755b,linux60effb4aa06f320011336762,1634133070000,1634131930000,60ed840f588aa700127280d6,redis#info#stats#keyspace#hits-no_subject,0.9125527129813721,1634133250000
redisd8c18514db6a755b,linux60effb4aa06f320011336762,1634133130000,1634132290000,60ed840f588aa700127280d6,redis#info#memory#used#lua-no_subject,1,1634133310000
redisd8c18514db6a755b,linux60effb4aa06f320011336762,1634136860000,1634134640000,60ed840f588aa700127280d6,redis#info#memory#used#lua-no_subject,1,1634139260000
mysqlc7417121bf497af2,linux60effb4aa06f320011336762,1634144650000,1634144470000,60ed840f588aa700127280d6,mysql#status#cache#table#open_cache#hits-no_subject,0.7117787020765314,1634144890000
mysqlc7417121bf497af2,linux60effb4aa06f320011336762,1634144650000,1634144470000,60ed840f588aa700127280d6,mysql#status#bytes#received-no_subject,0.7206348022584163,1634144890000
mysqlc7417121bf497af2,linux60effb4aa06f320011336762,1634144650000,1634144470000,60ed840f588aa700127280d6,mysql#status#questions-no_subject,0.7222760721555576,1634144890000
mysqlc7417121bf497af2,linux60effb4aa06f320011336762,1634144650000,1634144470000,60ed840f588aa700127280d6,mysql#status#queries-no_subject,0.7073715948457023,1634144890000
mysqlc7417121bf497af2,linux60effb4aa06f320011336762,1634144650000,1634144470000,60ed840f588aa700127280d6,mysql#status#bytes#sent-no_subject,0.7011703444425822,1634144890000
mysqlc7417121bf497af2,linux60effb4aa06f320011336762,1634145490000,1634145070000,60ed840f588aa700127280d6,mysql#status#innodb#buffer_pool#pages#dirty-no_subject,0.7460423465873642,1634145670000
mysqlc7417121bf497af2,linux60effb4aa06f320011336762,1634145490000,1634145070000,60ed840f588aa700127280d6,mysql#status#innodb#buffer_pool#bytes#dirty-no_subject,0.7460423465873642,1634145670000
redisd8c18514db6a755b,linux60effb4aa06f320011336762,1634149220000,1634149100000,60ed840f588aa700127280d6,redis#info#memory#used#lua-no_subject,0.71,1634149520000
redisd8c18514db6a755b,linux60effb4aa06f320011336762,1634178990000,1634178030000,60ed840f588aa700127280d6,redis#info#memory#used#lua-no_subject,0.7859488752420744,1634179170000
redisd8c18514db6a755b,linux60effb4aa06f320011336762,1634189610000,1634189130000,60ed840f588aa700127280d6,redis#info#memory#used#lua-no_subject,0.7700639898979449,1634189790000
linux60effb26a06f320011336760,linux60effb26a06f320011336760,1634197200000,1634196900000,60ed840f588aa700127280d6,system#network#out#bytes-no_subject,0.7007504112199463,1634197380000
linux60effb26a06f320011336760,linux60effb26a06f320011336760,1634197260000,1634196900000,60ed840f588aa700127280d6,system#network#in#bytes-no_subject,0.7022839670266734,1634197440000
mysqlc7417121bf497af2,linux60effb4aa06f320011336762,1634198890000,1634198590000,60ed840f588aa700127280d6,mysql#galera_status#apply#oooe-no_subject,0.7371873498510433,1634199070000
mysqlc7417121bf497af2,linux60effb4aa06f320011336762,1634198890000,1634198590000,60ed840f588aa700127280d6,mysql#galera_status#apply#oool-no_subject,0.7614406073694496,1634199070000
redisd8c18514db6a755b,linux60effb4aa06f320011336762,1634203590000,1634202990000,60ed840f588aa700127280d6,redis#info#memory#used#lua-no_subject,0.7107839844133609,1634203770000
linux60effb26a06f320011336760,linux60effb26a06f320011336760,1634203380000,1634203200000,60ed840f588aa700127280d6,system#diskio#iostat#write#per_sec#bytes-sda15,0.7849999999999999,1634203560000
linux60effb30a06f320011336761,linux60effb30a06f320011336761,1634206190000,1634205830000,60ed840f588aa700127280d6,system#diskio#iostat#write#per_sec#bytes-sda1,0.7472441069584516,1634206370000
linux60effb30a06f320011336761,linux60effb30a06f320011336761,1634206190000,1634205830000,60ed840f588aa700127280d6,system#diskio#iostat#write#per_sec#bytes-sda,0.7472441069584516,1634206370000
packetaid43c54a48a1009eb,linux60effb26a06f320011336760,1634204220000,1634203140000,60ed840f588aa700127280d6,system#process#memory#size-no_subject,0.7749175072659594,1634213700000
packetaid43c54a48a1009eb,linux60effb26a06f320011336760,1634213580000,1634203200000,60ed840f588aa700127280d6,system#process#memory#rss#bytes-no_subject,0.7325850703234184,1634213820000
packetaid43c54a48a1009eb,linux60effb26a06f320011336760,1634213580000,1634203140000,60ed840f588aa700127280d6,system#process#memory#rss#pct-no_subject,0.733121715757969,1634213820000
linux60effb26a06f320011336760,linux60effb26a06f320011336760,1634214180000,1634213340000,60ed840f588aa700127280d6,system#network#out#bytes-no_subject,0.7061288895376463,1634214360000
packetaid43c54a48a1009eb,linux60effb26a06f320011336760,1634214240000,1634203260000,60ed840f588aa700127280d6,system#process#cpu#total#norm#pct-no_subject,0.8307082846582144,1634214420000
packetaid43c54a48a1009eb,linux60effb26a06f320011336760,1634214240000,1634203500000,60ed840f588aa700127280d6,system#process#cpu#total#value-no_subject,0.813307063243433,1634214420000
packetaid43c54a48a1009eb,linux60effb26a06f320011336760,1634214240000,1634203260000,60ed840f588aa700127280d6,system#process#cpu#total#pct-no_subject,0.8307082846582144,1634214420000
redisd8c18514db6a755b,linux60effb4aa06f320011336762,1634217520000,1634217220000,60ed840f588aa700127280d6,redis#info#memory#used#dataset-no_subject,0.7462909860531198,1634217940000
packetaid43c54a48a1009eb,linux60effb26a06f320011336760,1634217720000,1634217300000,60ed840f588aa700127280d6,system#process#cpu#total#value-no_subject,0.8237424536026333,1634217900000
packetaid43c54a48a1009eb,linux60effb26a06f320011336760,1634217720000,1634217300000,60ed840f588aa700127280d6,system#process#cpu#total#norm#pct-no_subject,0.8399696645659401,1634217900000
packetaid43c54a48a1009eb,linux60effb26a06f320011336760,1634217720000,1634217300000,60ed840f588aa700127280d6,system#process#cpu#total#pct-no_subject,0.8399696645659401,1634217900000
redisd8c18514db6a755b,linux60effb4aa06f320011336762,1634219380000,1634218840000,60ed840f588aa700127280d6,redis#info#stats#latest_fork_usec-no_subject,0.7063067822520295,1634219560000
packetaid43c54a48a1009eb,linux60effb26a06f320011336760,1634221260000,1634221020000,60ed840f588aa700127280d6,system#process#cpu#total#value-no_subject,0.7302558271610047,1634221440000
packetaid43c54a48a1009eb,linux60effb26a06f320011336760,1634221260000,1634221020000,60ed840f588aa700127280d6,system#process#cpu#total#norm#pct-no_subject,0.7510639380671559,1634221440000
packetaid43c54a48a1009eb,linux60effb26a06f320011336760,1634221260000,1634221020000,60ed840f588aa700127280d6,system#process#cpu#total#pct-no_subject,0.7510639380671559,1634221440000
packetaid43c54a48a1009eb,linux60effb26a06f320011336760,1634224920000,1634224440000,60ed840f588aa700127280d6,system#process#cpu#total#value-no_subject,0.8038725890339663,1634225100000
packetaid43c54a48a1009eb,linux60effb26a06f320011336760,1634224920000,1634224440000,60ed840f588aa700127280d6,system#process#cpu#total#norm#pct-no_subject,0.8275304426973485,1634225100000
packetaid43c54a48a1009eb,linux60effb26a06f320011336760,1634224920000,1634224440000,60ed840f588aa700127280d6,system#process#cpu#total#pct-no_subject,0.8275304426973485,1634225100000
nginx54766a32fd37ac8d,linux60effb30a06f320011336761,1634227910000,1634227190000,60ed840f588aa700127280d6,nginx#stubstatus#current-no_subject,0.7124186558466806,1634228090000
nginx54766a32fd37ac8d,linux60effb30a06f320011336761,1634227910000,1634227190000,60ed840f588aa700127280d6,nginx#stubstatus#requests-no_subject,0.7347387412902839,1634228090000
nginxadf41ad2429e8b98,linux60effb30a06f320011336761,1634227850000,1634227190000,60ed840f588aa700127280d6,nginx#stubstatus#current-no_subject,0.7203373383913688,1634228030000
nginxadf41ad2429e8b98,linux60effb30a06f320011336761,1634227850000,1634227190000,60ed840f588aa700127280d6,nginx#stubstatus#requests-no_subject,0.7435664011883795,1634228030000
nginxba18fc3c4101f4dc,linux60effb30a06f320011336761,1634227910000,1634227190000,60ed840f588aa700127280d6,nginx#stubstatus#requests-no_subject,0.7394603472318503,1634228210000
nginxba18fc3c4101f4dc,linux60effb30a06f320011336761,1634227910000,1634227190000,60ed840f588aa700127280d6,nginx#stubstatus#current-no_subject,0.7148862741683937,1634228210000
nginx54766a32fd37ac8d,linux60effb30a06f320011336761,1634228030000,1634227190000,60ed840f588aa700127280d6,nginx#stubstatus#active-no_subject,0.7016444671226439,1634228390000
nginxadf41ad2429e8b98,linux60effb30a06f320011336761,1634227970000,1634227190000,60ed840f588aa700127280d6,nginx#stubstatus#writing-no_subject,0.7186907032215181,1634228150000
nginxadf41ad2429e8b98,linux60effb30a06f320011336761,1634227970000,1634227190000,60ed840f588aa700127280d6,nginx#stubstatus#active-no_subject,0.7195444326014426,1634228150000
mysqlc7417121bf497af2,linux60effb4aa06f320011336762,1634227210000,1634226550000,60ed840f588aa700127280d6,mysql#galera_status#cert#interval-no_subject,0.7061992389047896,1634228770000
mysqlc7417121bf497af2,linux60effb4aa06f320011336762,1634227630000,1634226550000,60ed840f588aa700127280d6,mysql#galera_status#local#send#queue_max-no_subject,0.7792826795964776,1634228770000
mysqlc7417121bf497af2,linux60effb4aa06f320011336762,1634228470000,1634226310000,60ed840f588aa700127280d6,mysql#status#cache#table#open_cache#misses-no_subject,0.7693608155143831,1634228770000
mysqlc7417121bf497af2,linux60effb4aa06f320011336762,1634228470000,1634226310000,60ed840f588aa700127280d6,mysql#status#opened_tables-no_subject,0.767863294009767,1634228770000
mysqlc7417121bf497af2,linux60effb4aa06f320011336762,1634227150000,1634226550000,60ed840f588aa700127280d6,mysql#galera_status#local#send#queue_avg-no_subject,0.7121136351150917,1634228770000
mysqlc7417121bf497af2,linux60effb4aa06f320011336762,1634227150000,1634226250000,60ed840f588aa700127280d6,mysql#status#max_used_connections-no_subject,0.7427684983189953,1634228770000
mysqlc7417121bf497af2,linux60effb4aa06f320011336762,1634228770000,1634227150000,60ed840f588aa700127280d6,mysql#status#innodb#rows#inserted-no_subject,0.7381723660934668,1634228950000
packetaid43c54a48a1009eb,linux60effb26a06f320011336760,1634228640000,1634228160000,60ed840f588aa700127280d6,system#process#memory#rss#bytes-no_subject,0.7068762118747217,1634228820000
mysqlc7417121bf497af2,linux60effb4aa06f320011336762,1634232430000,1634232070000,60ed840f588aa700127280d6,mysql#galera_status#flow_ctl#paused-no_subject,0.7698540840300581,1634232790000
redisd8c18514db6a755b,linux60effb4aa06f320011336762,1634236560000,1634235720000,60ed840f588aa700127280d6,redis#info#memory#allocator_stats#fragmentation#bytes-no_subject,0.7634184228249498,1634236800000
redisd8c18514db6a755b,linux60effb4aa06f320011336762,1634236560000,1634235720000,60ed840f588aa700127280d6,redis#info#memory#fragmentation#bytes-no_subject,0.7227584413763285,1634236800000
mysqlc7417121bf497af2,linux60effb4aa06f320011336762,1634285530000,1634284870000,60ed840f588aa700127280d6,mysql#status#cache#table#open_cache#hits-no_subject,0.7272286962368045,1634285710000
mysqlc7417121bf497af2,linux60effb4aa06f320011336762,1634285530000,1634284870000,60ed840f588aa700127280d6,mysql#status#bytes#received-no_subject,0.7208757933297285,1634285710000
mysqlc7417121bf497af2,linux60effb4aa06f320011336762,1634285530000,1634284870000,60ed840f588aa700127280d6,mysql#status#questions-no_subject,0.7201582027622452,1634285710000
mysqlc7417121bf497af2,linux60effb4aa06f320011336762,1634285530000,1634284870000,60ed840f588aa700127280d6,mysql#status#queries-no_subject,0.7252844730702007,1634285710000
mysqlc7417121bf497af2,linux60effb4aa06f320011336762,1634285530000,1634284870000,60ed840f588aa700127280d6,mysql#status#bytes#sent-no_subject,0.731446797736806,1634285710000
linux60effb4aa06f320011336762,linux60effb4aa06f320011336762,1634312120000,1634311160000,60ed840f588aa700127280d6,system#memory#actual#used#pct-no_subject,0.7180453542776638,1634312300000
mysqlc7417121bf497af2,linux60effb4aa06f320011336762,1634311220000,1634310550000,60ed840f588aa700127280d6,mysql#galera_status#cert#interval-no_subject,0.7682562863048547,1634312360000
mysqlc7417121bf497af2,linux60effb4aa06f320011336762,1634311220000,1634310550000,60ed840f588aa700127280d6,mysql#galera_status#local#send#queue_avg-no_subject,0.7831318321185735,1634312360000
mysqlc7417121bf497af2,linux60effb4aa06f320011336762,1634311760000,1634311220000,60ed840f588aa700127280d6,mysql#galera_status#cluster#conf_id-no_subject,0.726310307333449,1634312360000
mysqlc7417121bf497af2,linux60effb4aa06f320011336762,1634312120000,1634311220000,60ed840f588aa700127280d6,mysql#status#innodb#buffer_pool#pages#data-no_subject,0.98050639836619,1634312360000
mysqlc7417121bf497af2,linux60effb4aa06f320011336762,1634311280000,1634310490000,60ed840f588aa700127280d6,mysql#status#max_used_connections-no_subject,0.7749049754184664,1634312360000
mysqlc7417121bf497af2,linux60effb4aa06f320011336762,1634311280000,1634310310000,60ed840f588aa700127280d6,mysql#status#cache#table#open_cache#overflows-no_subject,0.7245234471059551,1634312360000
mysqlc7417121bf497af2,linux60effb4aa06f320011336762,1634312000000,1634311220000,60ed840f588aa700127280d6,mysql#status#innodb#buffer_pool#pages#misc-no_subject,0.9839159885240583,1634312360000
mysqlc7417121bf497af2,linux60effb4aa06f320011336762,1634311700000,1634311280000,60ed840f588aa700127280d6,mysql#status#threads#cached-no_subject,0.7089505911542396,1634312360000
mysqlc7417121bf497af2,linux60effb4aa06f320011336762,1634311220000,1634310490000,60ed840f588aa700127280d6,mysql#galera_status#local#recv#queue_max-no_subject,0.7363043871124321,1634312360000
mysqlc7417121bf497af2,linux60effb4aa06f320011336762,1634311280000,1634310310000,60ed840f588aa700127280d6,mysql#status#threads#created-no_subject,0.7025533799257956,1634312360000
mysqlc7417121bf497af2,linux60effb4aa06f320011336762,1634311220000,1634310430000,60ed840f588aa700127280d6,mysql#galera_status#local#send#queue_max-no_subject,0.855123869548791,1634312360000
mysqlc7417121bf497af2,linux60effb4aa06f320011336762,1634311220000,1634310430000,60ed840f588aa700127280d6,mysql#galera_status#local#recv#queue-no_subject,0.7475613728855203,1634312360000
mysqlc7417121bf497af2,linux60effb4aa06f320011336762,1634311220000,1634310550000,60ed840f588aa700127280d6,mysql#galera_status#flow_ctl#sent-no_subject,0.995,1634312360000
mysqlc7417121bf497af2,linux60effb4aa06f320011336762,1634311280000,1634310370000,60ed840f588aa700127280d6,mysql#status#cache#table#open_cache#misses-no_subject,0.7228390540274661,1634312360000
mysqlc7417121bf497af2,linux60effb4aa06f320011336762,1634311760000,1634310310000,60ed840f588aa700127280d6,mysql#status#threads#connected-no_subject,0.7486396109907324,1634312360000
mysqlc7417121bf497af2,linux60effb4aa06f320011336762,1634312120000,1634311220000,60ed840f588aa700127280d6,mysql#status#innodb#buffer_pool#bytes#data-no_subject,0.98050639836619,1634312360000
mysqlc7417121bf497af2,linux60effb4aa06f320011336762,1634311280000,1634310370000,60ed840f588aa700127280d6,mysql#status#aborted#clients-no_subject,0.7322818856863988,1634312360000
mysqlc7417121bf497af2,linux60effb4aa06f320011336762,1634311280000,1634310370000,60ed840f588aa700127280d6,mysql#status#opened_tables-no_subject,0.7218695997837252,1634312360000
mysqlc7417121bf497af2,linux60effb4aa06f320011336762,1634311220000,1634310430000,60ed840f588aa700127280d6,mysql#galera_status#local#recv#queue_avg-no_subject,0.7104440589452353,1634312360000
mysqlc7417121bf497af2,linux60effb4aa06f320011336762,1634312360000,1634311220000,60ed840f588aa700127280d6,mysql#status#open#files-no_subject,0.789599327022247,1634312540000
mysqlc7417121bf497af2,linux60effb4aa06f320011336762,1634312360000,1634311220000,60ed840f588aa700127280d6,mysql#status#innodb#rows#updated-no_subject,0.8022504853776083,1634312540000
mysqlc7417121bf497af2,linux60effb4aa06f320011336762,1634312360000,1634311220000,60ed840f588aa700127280d6,mysql#status#innodb#buffer_pool#read#ahead_evicted-no_subject,0.7572796280492762,1634312540000
mysqlc7417121bf497af2,linux60effb4aa06f320011336762,1634312360000,1634311220000,60ed840f588aa700127280d6,mysql#status#innodb#rows#reads-no_subject,0.8668678072267175,1634312540000
mysqlc7417121bf497af2,linux60effb4aa06f320011336762,1634312360000,1634311220000,60ed840f588aa700127280d6,mysql#status#innodb#rows#inserted-no_subject,0.7787092353914762,1634312540000
mysqlc7417121bf497af2,linux60effb4aa06f320011336762,1634312360000,1634311220000,60ed840f588aa700127280d6,mysql#status#innodb#buffer_pool#pool#reads-no_subject,1,1634312540000
linux60effb4aa06f320011336762,linux60effb4aa06f320011336762,1634312300000,1634311700000,60ed840f588aa700127280d6,system#diskio#iostat#read#per_sec#bytes-nvme0n1p3,0.835817736383989,1634312480000
linux60effb4aa06f320011336762,linux60effb4aa06f320011336762,1634312300000,1634311700000,60ed840f588aa700127280d6,system#diskio#iostat#read#per_sec#bytes-nvme1n1,0.8503249795426715,1634312480000
linux60effb4aa06f320011336762,linux60effb4aa06f320011336762,1634312300000,1634311700000,60ed840f588aa700127280d6,system#diskio#iostat#read#per_sec#bytes-nvme0n1,0.835817736383989,1634312480000
linux60effb4aa06f320011336762,linux60effb4aa06f320011336762,1634312300000,1634311700000,60ed840f588aa700127280d6,system#diskio#iostat#read#per_sec#bytes-nvme1n1p3,0.8503248245743591,1634312480000
linux60effb4aa06f320011336762,linux60effb4aa06f320011336762,1634312300000,1634311700000,60ed840f588aa700127280d6,system#diskio#iostat#read#per_sec#bytes-md3,0.8919284766008889,1634312480000
packetaid45c4d52e0eced48,linux60effafba06f32001133675d,1634312590000,1634310730000,60ed840f588aa700127280d6,system#process#memory#size-no_subject,0.8322190456543127,1634312890000
packetaid45c4d52e0eced48,linux60effafba06f32001133675d,1634312710000,1634311750000,60ed840f588aa700127280d6,system#process#memory#rss#pct-no_subject,0.7214802688124649,1634312890000
packetaid45c4d52e0eced48,linux60effafba06f32001133675d,1634312890000,1634311750000,60ed840f588aa700127280d6,system#process#memory#rss#bytes-no_subject,0.7225109792843055,1634313070000
mysqlc7417121bf497af2,linux60effb4aa06f320011336762,1634313620000,1634313260000,60ed840f588aa700127280d6,mysql#status#innodb#buffer_pool#pages#data-no_subject,0.738012664426055,1634313800000
mysqlc7417121bf497af2,linux60effb4aa06f320011336762,1634313620000,1634313260000,60ed840f588aa700127280d6,mysql#status#innodb#buffer_pool#bytes#data-no_subject,0.738012664426055,1634313800000
redisd8c18514db6a755b,linux60effb4aa06f320011336762,1634371570000,1634371510000,60ed840f588aa700127280d6,redis#info#stats#commands_processed-no_subject,0.7271428571428572,1634371750000
redisd8c18514db6a755b,linux60effb4aa06f320011336762,1634376200000,1634375720000,60ed840f588aa700127280d6,redis#info#replication#slave#offset-no_subject,0.741746495284116,1634376380000
redisd8c18514db6a755b,linux60effb4aa06f320011336762,1634376200000,1634375720000,60ed840f588aa700127280d6,redis#info#replication#master#offset-no_subject,0.741746495284116,1634376380000
redisd8c18514db6a755b,linux60effb4aa06f320011336762,1634376200000,1634375720000,60ed840f588aa700127280d6,redis#info#replication#master_offset-no_subject,0.741746495284116,1634376380000
redisd8c18514db6a755b,linux60effb4aa06f320011336762,1634376200000,1634375720000,60ed840f588aa700127280d6,redis#info#replication#backlog#first_byte_offset-no_subject,0.741746495284116,1634376380000
nginxba18fc3c4101f4dc,linux60effb30a06f320011336761,1634404250000,1634403650000,60ed840f588aa700127280d6,nginx#stubstatus#requests-no_subject,0.7767810814610184,1634404430000
nginxba18fc3c4101f4dc,linux60effb30a06f320011336761,1634404250000,1634403650000,60ed840f588aa700127280d6,nginx#stubstatus#current-no_subject,0.7847425678106305,1634404430000
nginxba18fc3c4101f4dc,linux60effb30a06f320011336761,1634404310000,1634403650000,60ed840f588aa700127280d6,nginx#stubstatus#accepts-no_subject,0.7905791013992864,1634404490000
nginxba18fc3c4101f4dc,linux60effb30a06f320011336761,1634404310000,1634403650000,60ed840f588aa700127280d6,nginx#stubstatus#handled-no_subject,0.7905791013992864,1634404490000
nginx54766a32fd37ac8d,linux60effb30a06f320011336761,1634404250000,1634403650000,60ed840f588aa700127280d6,nginx#stubstatus#accepts-no_subject,0.8092244277162725,1634404430000
nginx54766a32fd37ac8d,linux60effb30a06f320011336761,1634404250000,1634403650000,60ed840f588aa700127280d6,nginx#stubstatus#handled-no_subject,0.8092244277162725,1634404430000
nginx54766a32fd37ac8d,linux60effb30a06f320011336761,1634404250000,1634403650000,60ed840f588aa700127280d6,nginx#stubstatus#current-no_subject,0.7760880660712463,1634404430000
nginx54766a32fd37ac8d,linux60effb30a06f320011336761,1634404250000,1634403650000,60ed840f588aa700127280d6,nginx#stubstatus#requests-no_subject,0.7655125594256432,1634404430000
nginxadf41ad2429e8b98,linux60effb30a06f320011336761,1634404190000,1634403650000,60ed840f588aa700127280d6,nginx#stubstatus#requests-no_subject,0.7872743825177536,1634404370000
nginxadf41ad2429e8b98,linux60effb30a06f320011336761,1634404190000,1634403650000,60ed840f588aa700127280d6,nginx#stubstatus#current-no_subject,0.802958585404801,1634404370000
nginxadf41ad2429e8b98,linux60effb30a06f320011336761,1634404190000,1634403710000,60ed840f588aa700127280d6,nginx#stubstatus#writing-no_subject,0.7246182266231479,1634404370000
nginxadf41ad2429e8b98,linux60effb30a06f320011336761,1634404190000,1634403710000,60ed840f588aa700127280d6,nginx#stubstatus#active-no_subject,0.7401488909418675,1634404370000
nginxadf41ad2429e8b98,linux60effb30a06f320011336761,1634404250000,1634403650000,60ed840f588aa700127280d6,nginx#stubstatus#handled-no_subject,0.8191336225989235,1634404430000
nginxadf41ad2429e8b98,linux60effb30a06f320011336761,1634404250000,1634403650000,60ed840f588aa700127280d6,nginx#stubstatus#accepts-no_subject,0.8191336225989235,1634404430000
linux60effb11a06f32001133675e,linux60effb11a06f32001133675e,1634404070000,1634403650000,60ed840f588aa700127280d6,system#network#in#bytes-no_subject,0.7679293977423273,1634404250000
linux60effb11a06f32001133675e,linux60effb11a06f32001133675e,1634404070000,1634403650000,60ed840f588aa700127280d6,system#network#out#packets-no_subject,0.7990023907004993,1634404250000
linux60effb11a06f32001133675e,linux60effb11a06f32001133675e,1634404070000,1634403650000,60ed840f588aa700127280d6,system#network#in#packets-no_subject,0.8239394325506896,1634404250000
linux60effb11a06f32001133675e,linux60effb11a06f32001133675e,1634404070000,1634403650000,60ed840f588aa700127280d6,system#network#out#bytes-no_subject,0.7698140531418995,1634404250000
linux60effb11a06f32001133675e,linux60effb11a06f32001133675e,1634404130000,1634403710000,60ed840f588aa700127280d6,system#cpu#total#pct-no_subject,0.7444314764976153,1634404310000
linux60effa84a06f32001133675a,linux60effa84a06f32001133675a,1634404120000,1634403700000,60ed840f588aa700127280d6,system#network#in#packets-no_subject,0.8142857142857144,1634404300000
linux60effa84a06f32001133675a,linux60effa84a06f32001133675a,1634404120000,1634403700000,60ed840f588aa700127280d6,system#network#out#packets-no_subject,0.8079365079365081,1634404300000
nginxe384f96a12cfc88a,linux60effa84a06f32001133675a,1634404130000,1634403710000,60ed840f588aa700127280d6,nginx#stubstatus#active-no_subject,0.7289590888609437,1634404310000
nginxe384f96a12cfc88a,linux60effa84a06f32001133675a,1634404130000,1634403710000,60ed840f588aa700127280d6,nginx#stubstatus#writing-no_subject,0.7289590888609437,1634404310000
mysqlc7417121bf497af2,linux60effb4aa06f320011336762,1634404580000,1634404280000,60ed840f588aa700127280d6,mysql#galera_status#apply#oooe-no_subject,0.7072475128222538,1634404760000
mysqlc7417121bf497af2,linux60effb4aa06f320011336762,1634404580000,1634404280000,60ed840f588aa700127280d6,mysql#galera_status#apply#oool-no_subject,0.8043057165583831,1634404760000
redisd8c18514db6a755b,linux60effb4aa06f320011336762,1634473710000,1634473410000,60ed840f588aa700127280d6,redis#info#persistence#rdb#bgsave#last_time#sec-no_subject,0.7289137333071795,1634473890000
mysqlc7417121bf497af2,linux60effb4aa06f320011336762,1634508560000,1634508140000,60ed840f588aa700127280d6,mysql#galera_status#local#recv#queue_max-no_subject,0.7770285626318435,1634508740000
nginxba18fc3c4101f4dc,linux60effb30a06f320011336761,1634508720000,1634508360000,60ed840f588aa700127280d6,nginx#stubstatus#handled-no_subject,0.7557986075206742,1634508900000
nginxba18fc3c4101f4dc,linux60effb30a06f320011336761,1634508720000,1634508360000,60ed840f588aa700127280d6,nginx#stubstatus#accepts-no_subject,0.7557986075206742,1634508900000
nginx54766a32fd37ac8d,linux60effb30a06f320011336761,1634508720000,1634508360000,60ed840f588aa700127280d6,nginx#stubstatus#accepts-no_subject,0.7545472039955166,1634508900000
nginx54766a32fd37ac8d,linux60effb30a06f320011336761,1634508720000,1634508360000,60ed840f588aa700127280d6,nginx#stubstatus#handled-no_subject,0.7545472039955166,1634508900000
nginxadf41ad2429e8b98,linux60effb30a06f320011336761,1634508720000,1634508360000,60ed840f588aa700127280d6,nginx#stubstatus#accepts-no_subject,0.786279818938611,1634508900000
nginxadf41ad2429e8b98,linux60effb30a06f320011336761,1634508720000,1634508360000,60ed840f588aa700127280d6,nginx#stubstatus#handled-no_subject,0.786279818938611,1634508900000
linux60effb26a06f320011336760,linux60effb26a06f320011336760,1634511120000,1634511000000,60ed840f588aa700127280d6,system#network#in#dropped-no_subject,0.71,1634511300000
mysqlc7417121bf497af2,linux60effb4aa06f320011336762,1634534300000,1634533760000,60ed840f588aa700127280d6,mysql#galera_status#apply#window-no_subject,0.7563206308066802,1634534480000
nginxba18fc3c4101f4dc,linux60effb30a06f320011336761,1634570520000,1634570100000,60ed840f588aa700127280d6,nginx#stubstatus#handled-no_subject,0.7397288337832771,1634570820000
nginxba18fc3c4101f4dc,linux60effb30a06f320011336761,1634570520000,1634570100000,60ed840f588aa700127280d6,nginx#stubstatus#accepts-no_subject,0.7397288337832771,1634570820000
nginxba18fc3c4101f4dc,linux60effb30a06f320011336761,1634570820000,1634570220000,60ed840f588aa700127280d6,nginx#stubstatus#writing-no_subject,0.7359337367535032,1634571000000
nginxba18fc3c4101f4dc,linux60effb30a06f320011336761,1634570820000,1634570220000,60ed840f588aa700127280d6,nginx#stubstatus#active-no_subject,0.7293863374507783,1634571000000
nginx54766a32fd37ac8d,linux60effb30a06f320011336761,1634570520000,1634570100000,60ed840f588aa700127280d6,nginx#stubstatus#handled-no_subject,0.730618353647547,1634570820000
nginx54766a32fd37ac8d,linux60effb30a06f320011336761,1634570520000,1634570100000,60ed840f588aa700127280d6,nginx#stubstatus#accepts-no_subject,0.730618353647547,1634570820000
nginxadf41ad2429e8b98,linux60effb30a06f320011336761,1634570580000,1634570100000,60ed840f588aa700127280d6,nginx#stubstatus#handled-no_subject,0.7232229803756668,1634570820000
nginxadf41ad2429e8b98,linux60effb30a06f320011336761,1634570580000,1634570100000,60ed840f588aa700127280d6,nginx#stubstatus#accepts-no_subject,0.7232229803756668,1634570820000
nginx54766a32fd37ac8d,linux60effb30a06f320011336761,1634570820000,1634570220000,60ed840f588aa700127280d6,nginx#stubstatus#writing-no_subject,0.7470918193893513,1634571120000
nginx54766a32fd37ac8d,linux60effb30a06f320011336761,1634570820000,1634570220000,60ed840f588aa700127280d6,nginx#stubstatus#active-no_subject,0.7374836381514985,1634571120000
nginxadf41ad2429e8b98,linux60effb30a06f320011336761,1634570820000,1634570220000,60ed840f588aa700127280d6,nginx#stubstatus#writing-no_subject,0.7373454792161193,1634571120000
nginxadf41ad2429e8b98,linux60effb30a06f320011336761,1634570820000,1634570220000,60ed840f588aa700127280d6,nginx#stubstatus#active-no_subject,0.7205429516286576,1634571120000
linux60effadaa06f32001133675c,linux60effadaa06f32001133675c,1634573080000,1634572780000,60ed840f588aa700127280d6,system#memory#actual#used#pct-no_subject,0.7226456721577238,1634573260000
linux60effadaa06f32001133675c,linux60effadaa06f32001133675c,1634573260000,1634572780000,60ed840f588aa700127280d6,system#memory#swap#used#pct-no_subject,0.7750678311726303,1634573440000
linux60effb4aa06f320011336762,linux60effb4aa06f320011336762,1634582300000,1634581820000,60ed840f588aa700127280d6,system#diskio#iostat#read#per_sec#bytes-nvme0n1,0.7552014225027528,1634582480000
linux60effb4aa06f320011336762,linux60effb4aa06f320011336762,1634582300000,1634581820000,60ed840f588aa700127280d6,system#diskio#iostat#read#per_sec#bytes-nvme1n1,0.7907105600250607,1634582480000
linux60effb4aa06f320011336762,linux60effb4aa06f320011336762,1634582300000,1634581820000,60ed840f588aa700127280d6,system#diskio#iostat#read#per_sec#bytes-nvme0n1p3,0.7552014225027528,1634582480000
linux60effb4aa06f320011336762,linux60effb4aa06f320011336762,1634582300000,1634581820000,60ed840f588aa700127280d6,system#diskio#iostat#read#per_sec#bytes-nvme1n1p3,0.7907103284399771,1634582480000
linux60effb4aa06f320011336762,linux60effb4aa06f320011336762,1634582300000,1634581820000,60ed840f588aa700127280d6,system#diskio#iostat#read#per_sec#bytes-md3,0.7947833392290679,1634582480000
packetai1e1ced0f189e2626,linux60effb4aa06f320011336762,1634601310000,1634600710000,60ed840f588aa700127280d6,system#process#memory#size-no_subject,0.7145268948258486,1634601490000
linux60effb26a06f320011336760,linux60effb26a06f320011336760,1634656690000,1634656510000,60ed840f588aa700127280d6,system#diskio#iostat#write#per_sec#bytes-sda15,0.7849999999999999,1634656870000
nginx22d27dc8e4237c4f,linux60effb26a06f320011336760,1634656630000,1634656450000,60ed840f588aa700127280d6,nginx#stubstatus#handled-no_subject,0.7283203311122878,1634656810000
nginx22d27dc8e4237c4f,linux60effb26a06f320011336760,1634656630000,1634656450000,60ed840f588aa700127280d6,nginx#stubstatus#requests-no_subject,0.7283203311122878,1634656810000
nginx22d27dc8e4237c4f,linux60effb26a06f320011336760,1634656630000,1634656450000,60ed840f588aa700127280d6,nginx#stubstatus#accepts-no_subject,0.7283203311122878,1634656810000
nginxadf41ad2429e8b98,linux60effb30a06f320011336761,1634655970000,1634655850000,60ed840f588aa700127280d6,nginx#stubstatus#dropped-no_subject,0.71,1634657160000
nginxe384f96a12cfc88a,linux60effa84a06f32001133675a,1634656680000,1634656320000,60ed840f588aa700127280d6,nginx#stubstatus#waiting-no_subject,0.7494179381919492,1634657100000
nginxba18fc3c4101f4dc,linux60effb30a06f320011336761,1634657040000,1634655970000,60ed840f588aa700127280d6,nginx#stubstatus#writing-no_subject,0.7628092672974387,1634657220000
nginxba18fc3c4101f4dc,linux60effb30a06f320011336761,1634657040000,1634655970000,60ed840f588aa700127280d6,nginx#stubstatus#active-no_subject,0.700362699300884,1634657220000
nginx54766a32fd37ac8d,linux60effb30a06f320011336761,1634657040000,1634655970000,60ed840f588aa700127280d6,nginx#stubstatus#writing-no_subject,0.7565739798070806,1634657220000
nginxadf41ad2429e8b98,linux60effb30a06f320011336761,1634657040000,1634655970000,60ed840f588aa700127280d6,nginx#stubstatus#writing-no_subject,0.7667072825183611,1634657220000
nginxadf41ad2429e8b98,linux60effb30a06f320011336761,1634657040000,1634655970000,60ed840f588aa700127280d6,nginx#stubstatus#active-no_subject,0.7061427610934015,1634657220000
nginxe384f96a12cfc88a,linux60effa84a06f32001133675a,1634657100000,1634655900000,60ed840f588aa700127280d6,nginx#stubstatus#active-no_subject,0.7600957783956083,1634657280000
nginxe384f96a12cfc88a,linux60effa84a06f32001133675a,1634657100000,1634655900000,60ed840f588aa700127280d6,nginx#stubstatus#writing-no_subject,0.7600957783956083,1634657280000
packetaid43c54a48a1009eb,linux60effb26a06f320011336760,1634657170000,1634656450000,60ed840f588aa700127280d6,system#process#memory#share-no_subject,0.7439779643132537,1634657350000
packetaid43c54a48a1009eb,linux60effb26a06f320011336760,1634657290000,1634656630000,60ed840f588aa700127280d6,system#process#fd#open-no_subject,0.7822786545088348,1634657470000
apache18870476d1dd1663,linux60effb11a06f32001133675e,1634657220000,1634656200000,60ed840f588aa700127280d6,apache#status#load#5-no_subject,0.7618942437358155,1634657580000
apache18870476d1dd1663,linux60effb11a06f32001133675e,1634657220000,1634656260000,60ed840f588aa700127280d6,apache#status#load#1-no_subject,0.8113921351469123,1634657580000
nginx22d27dc8e4237c4f,linux60effb26a06f320011336760,1634657410000,1634657170000,60ed840f588aa700127280d6,nginx#stubstatus#requests-no_subject,0.7186720179226233,1634657590000
nginx22d27dc8e4237c4f,linux60effb26a06f320011336760,1634657410000,1634657170000,60ed840f588aa700127280d6,nginx#stubstatus#accepts-no_subject,0.7186720179226233,1634657590000
nginx22d27dc8e4237c4f,linux60effb26a06f320011336760,1634657410000,1634657170000,60ed840f588aa700127280d6,nginx#stubstatus#handled-no_subject,0.7186720179226233,1634657590000