,_id,topic,levels,Deployed models
0,{'$oid': '61e152263a0e31036bddb034'},60ddc7da72033d00111f4be1-docker-log-pythonpipedrive-service-master-stashed,"[{'filter': 'general', 'shape': 'usually the same values observed', 'models': {'HB': {'max_bins': 5, 'alpha': 0.5, 'max_points': 10080, 'warmup_period_in_number_of_points': 10080, 'time_to_reset': 10080, 'avg_level_alpha': 0.6000000000000001, 'avg_level_threshold': 10}}}, {'filter': 'warning', 'shape': 'sparse data with no patterns', 'models': {'HB': {'max_bins': 5, 'alpha': 0.5, 'max_points': 10080, 'warmup_period_in_number_of_points': 10080, 'time_to_reset': 10080, 'avg_level_alpha': 0.6000000000000001, 'avg_level_threshold': 10}}}, {'filter': 'error', 'shape': 'sparse data with no patterns', 'models': {'HB': {'max_bins': 5, 'alpha': 0.5, 'max_points': 10080, 'warmup_period_in_number_of_points': 10080, 'time_to_reset': 10080, 'avg_level_alpha': 0.6000000000000001, 'avg_level_threshold': 10}}}]",general: ['HB'] warning: ['HB'] error: ['HB']
1,{'$oid': '61e152263a0e31036bddb035'},60ddc7da72033d00111f4be1-docker-log-traefiktraefik-master-stashed,"[{'filter': 'general', 'shape': 'random noisy data', 'models': {'HB': {'max_bins': 5, 'alpha': 0.5, 'max_points': 10080, 'warmup_period_in_number_of_points': 10080, 'time_to_reset': 10080, 'avg_level_alpha': 0.6000000000000001, 'avg_level_threshold': 10}, 'Skyline': {'alpha': 0.7000000000000001, 'median_absolute_deviation_threshold': 6, 'histogram_bins_min_points': 100, 'n_bins': 10, 'n_points': 5, 'max_history_time': 604800, 'threshold': 0.8}}}, {'filter': 'warning', 'shape': 'sparse data with no patterns', 'models': {'HB': {'max_bins': 5, 'alpha': 0.5, 'max_points': 10080, 'warmup_period_in_number_of_points': 10080, 'time_to_reset': 10080, 'avg_level_alpha': 0.6000000000000001, 'avg_level_threshold': 10}}}, {'filter': 'error', 'shape': 'sparse data with no patterns', 'models': {'HB': {'max_bins': 5, 'alpha': 0.5, 'max_points': 10080, 'warmup_period_in_number_of_points': 10080, 'time_to_reset': 10080, 'avg_level_alpha': 0.6000000000000001, 'avg_level_threshold': 10}}}]","general: ['HB', 'Skyline'] warning: ['HB'] error: ['HB']"
2,{'$oid': '61e152263a0e31036bddb036'},60ddc7da72033d00111f4be1-docker-log-pythonsdet-service-master-stashed,"[{'filter': 'general', 'shape': 'sparse data with no patterns', 'models': {}}, {'filter': 'warning', 'shape': 'sparse data with no patterns', 'models': {'HB': {'max_bins': 5, 'alpha': 0.5, 'max_points': 10080, 'warmup_period_in_number_of_points': 10080, 'time_to_reset': 10080, 'avg_level_alpha': 0.6000000000000001, 'avg_level_threshold': 10}}}, {'filter': 'error', 'shape': 'sparse data with no patterns', 'models': {'HB': {'max_bins': 5, 'alpha': 0.5, 'max_points': 10080, 'warmup_period_in_number_of_points': 10080, 'time_to_reset': 10080, 'avg_level_alpha': 0.6000000000000001, 'avg_level_threshold': 10}}}]",general: [] warning: ['HB'] error: ['HB']
3,{'$oid': '61e152263a0e31036bddb037'},60ddc7da72033d00111f4be1-docker-log-dead-letter-cron-master-stashed,"[{'filter': 'general', 'shape': 'usually the same values observed', 'models': {'HB': {'max_bins': 5, 'alpha': 0.5, 'max_points': 10080, 'warmup_period_in_number_of_points': 10080, 'time_to_reset': 10080, 'avg_level_alpha': 0.6000000000000001, 'avg_level_threshold': 10}}}, {'filter': 'warning', 'shape': 'sparse data with no patterns', 'models': {'HB': {'max_bins': 5, 'alpha': 0.5, 'max_points': 10080, 'warmup_period_in_number_of_points': 10080, 'time_to_reset': 10080, 'avg_level_alpha': 0.6000000000000001, 'avg_level_threshold': 10}}}, {'filter': 'error', 'shape': 'sparse data with no patterns', 'models': {'HB': {'max_bins': 5, 'alpha': 0.5, 'max_points': 10080, 'warmup_period_in_number_of_points': 10080, 'time_to_reset': 10080, 'avg_level_alpha': 0.6000000000000001, 'avg_level_threshold': 10}}}]",general: ['HB'] warning: ['HB'] error: ['HB']
4,{'$oid': '61e152263a0e31036bddb038'},60ddc7da72033d00111f4be1-docker-log-pythonemail-service-master-stashed,"[{'filter': 'general', 'shape': 'random noisy data', 'models': {'HB': {'max_bins': 5, 'alpha': 0.5, 'max_points': 10080, 'warmup_period_in_number_of_points': 10080, 'time_to_reset': 10080, 'avg_level_alpha': 0.6000000000000001, 'avg_level_threshold': 10}, 'Skyline': {'alpha': 0.7000000000000001, 'median_absolute_deviation_threshold': 6, 'histogram_bins_min_points': 100, 'n_bins': 10, 'n_points': 5, 'max_history_time': 604800, 'threshold': 0.8}}}, {'filter': 'warning', 'shape': 'sparse data with no patterns', 'models': {'HB': {'max_bins': 5, 'alpha': 0.5, 'max_points': 10080, 'warmup_period_in_number_of_points': 10080, 'time_to_reset': 10080, 'avg_level_alpha': 0.6000000000000001, 'avg_level_threshold': 10}}}, {'filter': 'error', 'shape': 'sparse data with no patterns', 'models': {'HB': {'max_bins': 5, 'alpha': 0.5, 'max_points': 10080, 'warmup_period_in_number_of_points': 10080, 'time_to_reset': 10080, 'avg_level_alpha': 0.6000000000000001, 'avg_level_threshold': 10}}}]","general: ['HB', 'Skyline'] warning: ['HB'] error: ['HB']"
5,{'$oid': '61e152263a0e31036bddb039'},60ddc7da72033d00111f4be1-docker-log-pythondead-letter-service-master-stashed,"[{'filter': 'general', 'shape': 'usually the same values observed', 'models': {'HB': {'max_bins': 5, 'alpha': 0.5, 'max_points': 10080, 'warmup_period_in_number_of_points': 10080, 'time_to_reset': 10080, 'avg_level_alpha': 0.6000000000000001, 'avg_level_threshold': 10}}}, {'filter': 'warning', 'shape': 'sparse data with no patterns', 'models': {'HB': {'max_bins': 5, 'alpha': 0.5, 'max_points': 10080, 'warmup_period_in_number_of_points': 10080, 'time_to_reset': 10080, 'avg_level_alpha': 0.6000000000000001, 'avg_level_threshold': 10}}}, {'filter': 'error', 'shape': 'sparse data with no patterns', 'models': {'HB': {'max_bins': 5, 'alpha': 0.5, 'max_points': 10080, 'warmup_period_in_number_of_points': 10080, 'time_to_reset': 10080, 'avg_level_alpha': 0.6000000000000001, 'avg_level_threshold': 10}}}]",general: ['HB'] warning: ['HB'] error: ['HB']
6,{'$oid': '61e152263a0e31036bddb03a'},60ddc7da72033d00111f4be1-docker-log-pythonsales-service-master-stashed,"[{'filter': 'general', 'shape': 'usually the same values observed', 'models': {'HB': {'max_bins': 5, 'alpha': 0.5, 'max_points': 10080, 'warmup_period_in_number_of_points': 10080, 'time_to_reset': 10080, 'avg_level_alpha': 0.6000000000000001, 'avg_level_threshold': 10}}}, {'filter': 'warning', 'shape': 'sparse data with no patterns', 'models': {'HB': {'max_bins': 5, 'alpha': 0.5, 'max_points': 10080, 'warmup_period_in_number_of_points': 10080, 'time_to_reset': 10080, 'avg_level_alpha': 0.6000000000000001, 'avg_level_threshold': 10}}}, {'filter': 'error', 'shape': 'sparse data with no patterns', 'models': {'HB': {'max_bins': 5, 'alpha': 0.5, 'max_points': 10080, 'warmup_period_in_number_of_points': 10080, 'time_to_reset': 10080, 'avg_level_alpha': 0.6000000000000001, 'avg_level_threshold': 10}}}]",general: ['HB'] warning: ['HB'] error: ['HB']
7,{'$oid': '61e152263a0e31036bddb03b'},60ddc7da72033d00111f4be1-docker-log-dotnet-template-service-master-stashed,"[{'filter': 'general', 'shape': 'usually the same values observed', 'models': {'HB': {'max_bins': 5, 'alpha': 0.5, 'max_points': 10080, 'warmup_period_in_number_of_points': 10080, 'time_to_reset': 10080, 'avg_level_alpha': 0.6000000000000001, 'avg_level_threshold': 10}}}, {'filter': 'warning', 'shape': 'sparse data with no patterns', 'models': {'HB': {'max_bins': 5, 'alpha': 0.5, 'max_points': 10080, 'warmup_period_in_number_of_points': 10080, 'time_to_reset': 10080, 'avg_level_alpha': 0.6000000000000001, 'avg_level_threshold': 10}}}, {'filter': 'error', 'shape': 'sparse data with no patterns', 'models': {'HB': {'max_bins': 5, 'alpha': 0.5, 'max_points': 10080, 'warmup_period_in_number_of_points': 10080, 'time_to_reset': 10080, 'avg_level_alpha': 0.6000000000000001, 'avg_level_threshold': 10}}}]",general: ['HB'] warning: ['HB'] error: ['HB']
8,{'$oid': '61e152263a0e31036bddb03c'},60ddc7da72033d00111f4be1-docker-log-pythonauth-service-master-stashed,"[{'filter': 'general', 'shape': 'random noisy data', 'models': {'HB': {'max_bins': 5, 'alpha': 0.5, 'max_points': 10080, 'warmup_period_in_number_of_points': 10080, 'time_to_reset': 10080, 'avg_level_alpha': 0.6000000000000001, 'avg_level_threshold': 10}, 'Skyline': {'alpha': 0.7000000000000001, 'median_absolute_deviation_threshold': 6, 'histogram_bins_min_points': 100, 'n_bins': 10, 'n_points': 5, 'max_history_time': 604800, 'threshold': 0.8}}}, {'filter': 'warning', 'shape': 'sparse data with no patterns', 'models': {'HB': {'max_bins': 5, 'alpha': 0.5, 'max_points': 10080, 'warmup_period_in_number_of_points': 10080, 'time_to_reset': 10080, 'avg_level_alpha': 0.6000000000000001, 'avg_level_threshold': 10}}}, {'filter': 'error', 'shape': 'sparse data with no patterns', 'models': {'HB': {'max_bins': 5, 'alpha': 0.5, 'max_points': 10080, 'warmup_period_in_number_of_points': 10080, 'time_to_reset': 10080, 'avg_level_alpha': 0.6000000000000001, 'avg_level_threshold': 10}}}]","general: ['HB', 'Skyline'] warning: ['HB'] error: ['HB']"
9,{'$oid': '61e152263a0e31036bddb03d'},60ddc7da72033d00111f4be1-docker-log-pythonexternal-is-service-master-stashed,"[{'filter': 'general', 'shape': 'usually the same values observed', 'models': {'HB': {'max_bins': 5, 'alpha': 0.5, 'max_points': 10080, 'warmup_period_in_number_of_points': 10080, 'time_to_reset': 10080, 'avg_level_alpha': 0.6000000000000001, 'avg_level_threshold': 10}}}, {'filter': 'warning', 'shape': 'sparse data with no patterns', 'models': {'HB': {'max_bins': 5, 'alpha': 0.5, 'max_points': 10080, 'warmup_period_in_number_of_points': 10080, 'time_to_reset': 10080, 'avg_level_alpha': 0.6000000000000001, 'avg_level_threshold': 10}}}, {'filter': 'error', 'shape': 'sparse data with no patterns', 'models': {'HB': {'max_bins': 5, 'alpha': 0.5, 'max_points': 10080, 'warmup_period_in_number_of_points': 10080, 'time_to_reset': 10080, 'avg_level_alpha': 0.6000000000000001, 'avg_level_threshold': 10}}}]",general: ['HB'] warning: ['HB'] error: ['HB']
10,{'$oid': '61e152263a0e31036bddb03e'},60ddc7da72033d00111f4be1-docker-log-pythonhelpdesk-service-master-stashed,"[{'filter': 'general', 'shape': 'usually the same values observed', 'models': {'HB': {'max_bins': 5, 'alpha': 0.5, 'max_points': 10080, 'warmup_period_in_number_of_points': 10080, 'time_to_reset': 10080, 'avg_level_alpha': 0.6000000000000001, 'avg_level_threshold': 10}}}, {'filter': 'warning', 'shape': 'sparse data with no patterns', 'models': {'HB': {'max_bins': 5, 'alpha': 0.5, 'max_points': 10080, 'warmup_period_in_number_of_points': 10080, 'time_to_reset': 10080, 'avg_level_alpha': 0.6000000000000001, 'avg_level_threshold': 10}}}, {'filter': 'error', 'shape': 'sparse data with no patterns', 'models': {'HB': {'max_bins': 5, 'alpha': 0.5, 'max_points': 10080, 'warmup_period_in_number_of_points': 10080, 'time_to_reset': 10080, 'avg_level_alpha': 0.6000000000000001, 'avg_level_threshold': 10}}}]",general: ['HB'] warning: ['HB'] error: ['HB']
11,{'$oid': '61e152263a0e31036bddb03f'},60ddc7da72033d00111f4be1-docker-log-dead-letter-celery-master-stashed,"[{'filter': 'general', 'shape': 'random noisy data', 'models': {'HB': {'max_bins': 5, 'alpha': 0.5, 'max_points': 10080, 'warmup_period_in_number_of_points': 10080, 'time_to_reset': 10080, 'avg_level_alpha': 0.6000000000000001, 'avg_level_threshold': 10}, 'Skyline': {'alpha': 0.7000000000000001, 'median_absolute_deviation_threshold': 6, 'histogram_bins_min_points': 100, 'n_bins': 10, 'n_points': 5, 'max_history_time': 604800, 'threshold': 0.8}}}, {'filter': 'warning', 'shape': 'usually the same values observed', 'models': {'HB': {'max_bins': 5, 'alpha': 0.5, 'max_points': 10080, 'warmup_period_in_number_of_points': 10080, 'time_to_reset': 10080, 'avg_level_alpha': 0.6000000000000001, 'avg_level_threshold': 10}}}, {'filter': 'error', 'shape': 'usually the same values observed', 'models': {'HB': {'max_bins': 5, 'alpha': 0.5, 'max_points': 10080, 'warmup_period_in_number_of_points': 10080, 'time_to_reset': 10080, 'avg_level_alpha': 0.6000000000000001, 'avg_level_threshold': 10}}}]","general: ['HB', 'Skyline'] warning: ['HB'] error: ['HB']"
12,{'$oid': '61e152263a0e31036bddb040'},60ddc7da72033d00111f4be1-docker-log-packetaipacket-ai-agent-service-master-stashed,"[{'filter': 'general', 'shape': 'random noisy data', 'models': {'HB': {'max_bins': 5, 'alpha': 0.5, 'max_points': 10080, 'warmup_period_in_number_of_points': 10080, 'time_to_reset': 10080, 'avg_level_alpha': 0.6000000000000001, 'avg_level_threshold': 10}, 'Skyline': {'alpha': 0.7000000000000001, 'median_absolute_deviation_threshold': 6, 'histogram_bins_min_points': 100, 'n_bins': 10, 'n_points': 5, 'max_history_time': 604800, 'threshold': 0.8}}}, {'filter': 'warning', 'shape': 'sparse data with no patterns', 'models': {'HB': {'max_bins': 5, 'alpha': 0.5, 'max_points': 10080, 'warmup_period_in_number_of_points': 10080, 'time_to_reset': 10080, 'avg_level_alpha': 0.6000000000000001, 'avg_level_threshold': 10}}}, {'filter': 'error', 'shape': 'sparse data with no patterns', 'models': {'HB': {'max_bins': 5, 'alpha': 0.5, 'max_points': 10080, 'warmup_period_in_number_of_points': 10080, 'time_to_reset': 10080, 'avg_level_alpha': 0.6000000000000001, 'avg_level_threshold': 10}}}]","general: ['HB', 'Skyline'] warning: ['HB'] error: ['HB']"
13,{'$oid': '61e152263a0e31036bddb041'},60ddc7da72033d00111f4be1-docker-log-pythonstock-service-master-stashed,"[{'filter': 'general', 'shape': 'usually the same values observed', 'models': {'HB': {'max_bins': 5, 'alpha': 0.5, 'max_points': 10080, 'warmup_period_in_number_of_points': 10080, 'time_to_reset': 10080, 'avg_level_alpha': 0.6000000000000001, 'avg_level_threshold': 10}}}, {'filter': 'warning', 'shape': 'sparse data with no patterns', 'models': {'HB': {'max_bins': 5, 'alpha': 0.5, 'max_points': 10080, 'warmup_period_in_number_of_points': 10080, 'time_to_reset': 10080, 'avg_level_alpha': 0.6000000000000001, 'avg_level_threshold': 10}}}, {'filter': 'error', 'shape': 'sparse data with no patterns', 'models': {'HB': {'max_bins': 5, 'alpha': 0.5, 'max_points': 10080, 'warmup_period_in_number_of_points': 10080, 'time_to_reset': 10080, 'avg_level_alpha': 0.6000000000000001, 'avg_level_threshold': 10}}}]",general: ['HB'] warning: ['HB'] error: ['HB']
14,{'$oid': '61e152263a0e31036bddb042'},60ddc7da72033d00111f4be1-docker-log-pythondonation-service-master-stashed,"[{'filter': 'general', 'shape': 'random noisy data', 'models': {'HB': {'max_bins': 5, 'alpha': 0.5, 'max_points': 10080, 'warmup_period_in_number_of_points': 10080, 'time_to_reset': 10080, 'avg_level_alpha': 0.6000000000000001, 'avg_level_threshold': 10}, 'Skyline': {'alpha': 0.7000000000000001, 'median_absolute_deviation_threshold': 6, 'histogram_bins_min_points': 100, 'n_bins': 10, 'n_points': 5, 'max_history_time': 604800, 'threshold': 0.8}}}, {'filter': 'warning', 'shape': 'sparse data with no patterns', 'models': {'HB': {'max_bins': 5, 'alpha': 0.5, 'max_points': 10080, 'warmup_period_in_number_of_points': 10080, 'time_to_reset': 10080, 'avg_level_alpha': 0.6000000000000001, 'avg_level_threshold': 10}}}, {'filter': 'error', 'shape': 'sparse data with no patterns', 'models': {'HB': {'max_bins': 5, 'alpha': 0.5, 'max_points': 10080, 'warmup_period_in_number_of_points': 10080, 'time_to_reset': 10080, 'avg_level_alpha': 0.6000000000000001, 'avg_level_threshold': 10}}}]","general: ['HB', 'Skyline'] warning: ['HB'] error: ['HB']"
15,{'$oid': '61e152263a0e31036bddb043'},60ddc7da72033d00111f4be1-docker-log-zero-gachis-cron-develop-stashed,"[{'filter': 'general', 'shape': 'usually the same values observed', 'models': {'HB': {'max_bins': 5, 'alpha': 0.5, 'max_points': 10080, 'warmup_period_in_number_of_points': 10080, 'time_to_reset': 10080, 'avg_level_alpha': 0.6000000000000001, 'avg_level_threshold': 10}}}, {'filter': 'warning', 'shape': 'sparse data with no patterns', 'models': {'HB': {'max_bins': 5, 'alpha': 0.5, 'max_points': 10080, 'warmup_period_in_number_of_points': 10080, 'time_to_reset': 10080, 'avg_level_alpha': 0.6000000000000001, 'avg_level_threshold': 10}}}, {'filter': 'error', 'shape': 'sparse data with no patterns', 'models': {'HB': {'max_bins': 5, 'alpha': 0.5, 'max_points': 10080, 'warmup_period_in_number_of_points': 10080, 'time_to_reset': 10080, 'avg_level_alpha': 0.6000000000000001, 'avg_level_threshold': 10}}}]",general: ['HB'] warning: ['HB'] error: ['HB']
16,{'$oid': '61e152263a0e31036bddb044'},60ddc7da72033d00111f4be1-docker-log-pythonhelpdesk-rabbit-master-stashed,"[{'filter': 'general', 'shape': 'random noisy data', 'models': {'HB': {'max_bins': 5, 'alpha': 0.5, 'max_points': 10080, 'warmup_period_in_number_of_points': 10080, 'time_to_reset': 10080, 'avg_level_alpha': 0.6000000000000001, 'avg_level_threshold': 10}, 'Skyline': {'alpha': 0.7000000000000001, 'median_absolute_deviation_threshold': 6, 'histogram_bins_min_points': 100, 'n_bins': 10, 'n_points': 5, 'max_history_time': 604800, 'threshold': 0.8}}}, {'filter': 'warning', 'shape': 'sparse data with no patterns', 'models': {'HB': {'max_bins': 5, 'alpha': 0.5, 'max_points': 10080, 'warmup_period_in_number_of_points': 10080, 'time_to_reset': 10080, 'avg_level_alpha': 0.6000000000000001, 'avg_level_threshold': 10}}}, {'filter': 'error', 'shape': 'random noisy data', 'models': {'HB': {'max_bins': 5, 'alpha': 0.5, 'max_points': 10080, 'warmup_period_in_number_of_points': 10080, 'time_to_reset': 10080, 'avg_level_alpha': 0.6000000000000001, 'avg_level_threshold': 10}, 'Skyline': {'alpha': 0.7000000000000001, 'median_absolute_deviation_threshold': 6, 'histogram_bins_min_points': 100, 'n_bins': 10, 'n_points': 5, 'max_history_time': 604800, 'threshold': 0.8}}}]","general: ['HB', 'Skyline'] warning: ['HB'] error: ['HB', 'Skyline']"
17,{'$oid': '61e152263a0e31036bddb045'},60ddc7da72033d00111f4be1-docker-log-javakeycloak-service-master-stashed,"[{'filter': 'general', 'shape': 'sparse data with no patterns', 'models': {}}, {'filter': 'warning', 'shape': 'sparse data with no patterns', 'models': {'HB': {'max_bins': 5, 'alpha': 0.5, 'max_points': 10080, 'warmup_period_in_number_of_points': 10080, 'time_to_reset': 10080, 'avg_level_alpha': 0.6000000000000001, 'avg_level_threshold': 10}}}, {'filter': 'error', 'shape': 'sparse data with no patterns', 'models': {'HB': {'max_bins': 5, 'alpha': 0.5, 'max_points': 10080, 'warmup_period_in_number_of_points': 10080, 'time_to_reset': 10080, 'avg_level_alpha': 0.6000000000000001, 'avg_level_threshold': 10}}}]",general: [] warning: ['HB'] error: ['HB']
18,{'$oid': '61e152263a0e31036bddb046'},60ddc7da72033d00111f4be1-docker-log-packetaipacket-ai-agent-service-develop-stashed,"[{'filter': 'general', 'shape': 'usually the same values observed', 'models': {'HB': {'max_bins': 5, 'alpha': 0.5, 'max_points': 10080, 'warmup_period_in_number_of_points': 10080, 'time_to_reset': 10080, 'avg_level_alpha': 0.6000000000000001, 'avg_level_threshold': 10}}}, {'filter': 'warning', 'shape': 'sparse data with no patterns', 'models': {'HB': {'max_bins': 5, 'alpha': 0.5, 'max_points': 10080, 'warmup_period_in_number_of_points': 10080, 'time_to_reset': 10080, 'avg_level_alpha': 0.6000000000000001, 'avg_level_threshold': 10}}}, {'filter': 'error', 'shape': 'sparse data with no patterns', 'models': {'HB': {'max_bins': 5, 'alpha': 0.5, 'max_points': 10080, 'warmup_period_in_number_of_points': 10080, 'time_to_reset': 10080, 'avg_level_alpha': 0.6000000000000001, 'avg_level_threshold': 10}}}]",general: ['HB'] warning: ['HB'] error: ['HB']
19,{'$oid': '61e152263a0e31036bddb047'},60ddc7da72033d00111f4be1-docker-log-donation-cron-develop-stashed,"[{'filter': 'general', 'shape': 'usually the same values observed', 'models': {'HB': {'max_bins': 5, 'alpha': 0.5, 'max_points': 10080, 'warmup_period_in_number_of_points': 10080, 'time_to_reset': 10080, 'avg_level_alpha': 0.6000000000000001, 'avg_level_threshold': 10}}}, {'filter': 'warning', 'shape': 'sparse data with no patterns', 'models': {'HB': {'max_bins': 5, 'alpha': 0.5, 'max_points': 10080, 'warmup_period_in_number_of_points': 10080, 'time_to_reset': 10080, 'avg_level_alpha': 0.6000000000000001, 'avg_level_threshold': 10}}}, {'filter': 'error', 'shape': 'sparse data with no patterns', 'models': {'HB': {'max_bins': 5, 'alpha': 0.5, 'max_points': 10080, 'warmup_period_in_number_of_points': 10080, 'time_to_reset': 10080, 'avg_level_alpha': 0.6000000000000001, 'avg_level_threshold': 10}}}]",general: ['HB'] warning: ['HB'] error: ['HB']
20,{'$oid': '61e152263a0e31036bddb048'},60ddc7da72033d00111f4be1-docker-log-pythonexternal-is-rabbit-master-stashed,"[{'filter': 'general', 'shape': 'random noisy data', 'models': {'HB': {'max_bins': 5, 'alpha': 0.5, 'max_points': 10080, 'warmup_period_in_number_of_points': 10080, 'time_to_reset': 10080, 'avg_level_alpha': 0.6000000000000001, 'avg_level_threshold': 10}, 'Skyline': {'alpha': 0.7000000000000001, 'median_absolute_deviation_threshold': 6, 'histogram_bins_min_points': 100, 'n_bins': 10, 'n_points': 5, 'max_history_time': 604800, 'threshold': 0.8}}}, {'filter': 'warning', 'shape': 'sparse data with no patterns', 'models': {'HB': {'max_bins': 5, 'alpha': 0.5, 'max_points': 10080, 'warmup_period_in_number_of_points': 10080, 'time_to_reset': 10080, 'avg_level_alpha': 0.6000000000000001, 'avg_level_threshold': 10}}}, {'filter': 'error', 'shape': 'sparse data with no patterns', 'models': {'HB': {'max_bins': 5, 'alpha': 0.5, 'max_points': 10080, 'warmup_period_in_number_of_points': 10080, 'time_to_reset': 10080, 'avg_level_alpha': 0.6000000000000001, 'avg_level_threshold': 10}}}]","general: ['HB', 'Skyline'] warning: ['HB'] error: ['HB']"
21,{'$oid': '61e152263a0e31036bddb049'},60ddc7da72033d00111f4be1-docker-log-pythondonation-rabbit-develop-stashed,"[{'filter': 'general', 'shape': 'sparse data with no patterns', 'models': {}}, {'filter': 'warning', 'shape': 'sparse data with no patterns', 'models': {'HB': {'max_bins': 5, 'alpha': 0.5, 'max_points': 10080, 'warmup_period_in_number_of_points': 10080, 'time_to_reset': 10080, 'avg_level_alpha': 0.6000000000000001, 'avg_level_threshold': 10}}}, {'filter': 'error', 'shape': 'sparse data with no patterns', 'models': {'HB': {'max_bins': 5, 'alpha': 0.5, 'max_points': 10080, 'warmup_period_in_number_of_points': 10080, 'time_to_reset': 10080, 'avg_level_alpha': 0.6000000000000001, 'avg_level_threshold': 10}}}]",general: [] warning: ['HB'] error: ['HB']
22,{'$oid': '61e152263a0e31036bddb04a'},60ddc7da72033d00111f4be1-docker-log-pythonsdet-service-develop-stashed,"[{'filter': 'general', 'shape': 'sparse data with no patterns', 'models': {}}, {'filter': 'warning', 'shape': 'sparse data with no patterns', 'models': {'HB': {'max_bins': 5, 'alpha': 0.5, 'max_points': 10080, 'warmup_period_in_number_of_points': 10080, 'time_to_reset': 10080, 'avg_level_alpha': 0.6000000000000001, 'avg_level_threshold': 10}}}, {'filter': 'error', 'shape': 'sparse data with no patterns', 'models': {'HB': {'max_bins': 5, 'alpha': 0.5, 'max_points': 10080, 'warmup_period_in_number_of_points': 10080, 'time_to_reset': 10080, 'avg_level_alpha': 0.6000000000000001, 'avg_level_threshold': 10}}}]",general: [] warning: ['HB'] error: ['HB']
23,{'$oid': '61e152263a0e31036bddb04b'},60ddc7da72033d00111f4be1-docker-log-donation-celery-develop-stashed,"[{'filter': 'general', 'shape': 'usually the same values observed', 'models': {'HB': {'max_bins': 5, 'alpha': 0.5, 'max_points': 10080, 'warmup_period_in_number_of_points': 10080, 'time_to_reset': 10080, 'avg_level_alpha': 0.6000000000000001, 'avg_level_threshold': 10}}}, {'filter': 'warning', 'shape': 'sparse data with no patterns', 'models': {'HB': {'max_bins': 5, 'alpha': 0.5, 'max_points': 10080, 'warmup_period_in_number_of_points': 10080, 'time_to_reset': 10080, 'avg_level_alpha': 0.6000000000000001, 'avg_level_threshold': 10}}}, {'filter': 'error', 'shape': 'sparse data with no patterns', 'models': {'HB': {'max_bins': 5, 'alpha': 0.5, 'max_points': 10080, 'warmup_period_in_number_of_points': 10080, 'time_to_reset': 10080, 'avg_level_alpha': 0.6000000000000001, 'avg_level_threshold': 10}}}]",general: ['HB'] warning: ['HB'] error: ['HB']
24,{'$oid': '61e152263a0e31036bddb04c'},60ddc7da72033d00111f4be1-docker-log-pythonhelpdesk-service-develop-stashed,"[{'filter': 'general', 'shape': 'usually the same values observed', 'models': {'HB': {'max_bins': 5, 'alpha': 0.5, 'max_points': 10080, 'warmup_period_in_number_of_points': 10080, 'time_to_reset': 10080, 'avg_level_alpha': 0.6000000000000001, 'avg_level_threshold': 10}}}, {'filter': 'warning', 'shape': 'sparse data with no patterns', 'models': {'HB': {'max_bins': 5, 'alpha': 0.5, 'max_points': 10080, 'warmup_period_in_number_of_points': 10080, 'time_to_reset': 10080, 'avg_level_alpha': 0.6000000000000001, 'avg_level_threshold': 10}}}, {'filter': 'error', 'shape': 'sparse data with no patterns', 'models': {'HB': {'max_bins': 5, 'alpha': 0.5, 'max_points': 10080, 'warmup_period_in_number_of_points': 10080, 'time_to_reset': 10080, 'avg_level_alpha': 0.6000000000000001, 'avg_level_threshold': 10}}}]",general: ['HB'] warning: ['HB'] error: ['HB']
25,{'$oid': '61e152263a0e31036bddb04d'},60ddc7da72033d00111f4be1-docker-log-pythonpipedrive-service-develop-stashed,"[{'filter': 'general', 'shape': 'usually the same values observed', 'models': {'HB': {'max_bins': 5, 'alpha': 0.5, 'max_points': 10080, 'warmup_period_in_number_of_points': 10080, 'time_to_reset': 10080, 'avg_level_alpha': 0.6000000000000001, 'avg_level_threshold': 10}}}, {'filter': 'warning', 'shape': 'sparse data with no patterns', 'models': {'HB': {'max_bins': 5, 'alpha': 0.5, 'max_points': 10080, 'warmup_period_in_number_of_points': 10080, 'time_to_reset': 10080, 'avg_level_alpha': 0.6000000000000001, 'avg_level_threshold': 10}}}, {'filter': 'error', 'shape': 'sparse data with no patterns', 'models': {'HB': {'max_bins': 5, 'alpha': 0.5, 'max_points': 10080, 'warmup_period_in_number_of_points': 10080, 'time_to_reset': 10080, 'avg_level_alpha': 0.6000000000000001, 'avg_level_threshold': 10}}}]",general: ['HB'] warning: ['HB'] error: ['HB']
26,{'$oid': '61e152263a0e31036bddb04e'},60ddc7da72033d00111f4be1-docker-log-pythonstock-service-develop-stashed,"[{'filter': 'general', 'shape': 'usually the same values observed', 'models': {'HB': {'max_bins': 5, 'alpha': 0.5, 'max_points': 10080, 'warmup_period_in_number_of_points': 10080, 'time_to_reset': 10080, 'avg_level_alpha': 0.6000000000000001, 'avg_level_threshold': 10}}}, {'filter': 'warning', 'shape': 'sparse data with no patterns', 'models': {'HB': {'max_bins': 5, 'alpha': 0.5, 'max_points': 10080, 'warmup_period_in_number_of_points': 10080, 'time_to_reset': 10080, 'avg_level_alpha': 0.6000000000000001, 'avg_level_threshold': 10}}}, {'filter': 'error', 'shape': 'sparse data with no patterns', 'models': {'HB': {'max_bins': 5, 'alpha': 0.5, 'max_points': 10080, 'warmup_period_in_number_of_points': 10080, 'time_to_reset': 10080, 'avg_level_alpha': 0.6000000000000001, 'avg_level_threshold': 10}}}]",general: ['HB'] warning: ['HB'] error: ['HB']
27,{'$oid': '61e152263a0e31036bddb04f'},60ddc7da72033d00111f4be1-docker-log-donation-cron-master-stashed,"[{'filter': 'general', 'shape': 'usually the same values observed', 'models': {'HB': {'max_bins': 5, 'alpha': 0.5, 'max_points': 10080, 'warmup_period_in_number_of_points': 10080, 'time_to_reset': 10080, 'avg_level_alpha': 0.6000000000000001, 'avg_level_threshold': 10}}}, {'filter': 'warning', 'shape': 'sparse data with no patterns', 'models': {'HB': {'max_bins': 5, 'alpha': 0.5, 'max_points': 10080, 'warmup_period_in_number_of_points': 10080, 'time_to_reset': 10080, 'avg_level_alpha': 0.6000000000000001, 'avg_level_threshold': 10}}}, {'filter': 'error', 'shape': 'sparse data with no patterns', 'models': {'HB': {'max_bins': 5, 'alpha': 0.5, 'max_points': 10080, 'warmup_period_in_number_of_points': 10080, 'time_to_reset': 10080, 'avg_level_alpha': 0.6000000000000001, 'avg_level_threshold': 10}}}]",general: ['HB'] warning: ['HB'] error: ['HB']
28,{'$oid': '61e152263a0e31036bddb050'},60ddc7da72033d00111f4be1-docker-log-dead-letter-cron-develop-stashed,"[{'filter': 'general', 'shape': 'usually the same values observed', 'models': {'HB': {'max_bins': 5, 'alpha': 0.5, 'max_points': 10080, 'warmup_period_in_number_of_points': 10080, 'time_to_reset': 10080, 'avg_level_alpha': 0.6000000000000001, 'avg_level_threshold': 10}}}, {'filter': 'warning', 'shape': 'sparse data with no patterns', 'models': {'HB': {'max_bins': 5, 'alpha': 0.5, 'max_points': 10080, 'warmup_period_in_number_of_points': 10080, 'time_to_reset': 10080, 'avg_level_alpha': 0.6000000000000001, 'avg_level_threshold': 10}}}, {'filter': 'error', 'shape': 'sparse data with no patterns', 'models': {'HB': {'max_bins': 5, 'alpha': 0.5, 'max_points': 10080, 'warmup_period_in_number_of_points': 10080, 'time_to_reset': 10080, 'avg_level_alpha': 0.6000000000000001, 'avg_level_threshold': 10}}}]",general: ['HB'] warning: ['HB'] error: ['HB']
29,{'$oid': '61e152263a0e31036bddb051'},60ddc7da72033d00111f4be1-docker-log-pythonpipedrive-rabbit-master-stashed,"[{'filter': 'general', 'shape': 'sparse data with no patterns', 'models': {}}, {'filter': 'warning', 'shape': 'sparse data with no patterns', 'models': {'HB': {'max_bins': 5, 'alpha': 0.5, 'max_points': 10080, 'warmup_period_in_number_of_points': 10080, 'time_to_reset': 10080, 'avg_level_alpha': 0.6000000000000001, 'avg_level_threshold': 10}}}, {'filter': 'error', 'shape': 'sparse data with no patterns', 'models': {'HB': {'max_bins': 5, 'alpha': 0.5, 'max_points': 10080, 'warmup_period_in_number_of_points': 10080, 'time_to_reset': 10080, 'avg_level_alpha': 0.6000000000000001, 'avg_level_threshold': 10}}}]",general: [] warning: ['HB'] error: ['HB']
30,{'$oid': '61e152263a0e31036bddb052'},60ddc7da72033d00111f4be1-docker-log-pythonpipedrive-rabbit-develop-stashed,"[{'filter': 'general', 'shape': 'sparse data with no patterns', 'models': {}}, {'filter': 'warning', 'shape': 'sparse data with no patterns', 'models': {'HB': {'max_bins': 5, 'alpha': 0.5, 'max_points': 10080, 'warmup_period_in_number_of_points': 10080, 'time_to_reset': 10080, 'avg_level_alpha': 0.6000000000000001, 'avg_level_threshold': 10}}}, {'filter': 'error', 'shape': 'sparse data with no patterns', 'models': {'HB': {'max_bins': 5, 'alpha': 0.5, 'max_points': 10080, 'warmup_period_in_number_of_points': 10080, 'time_to_reset': 10080, 'avg_level_alpha': 0.6000000000000001, 'avg_level_threshold': 10}}}]",general: [] warning: ['HB'] error: ['HB']
31,{'$oid': '61e152263a0e31036bddb053'},60ddc7da72033d00111f4be1-docker-log-zero-gachis-service-master-stashed,"[{'filter': 'general', 'shape': 'sparse data with no patterns', 'models': {}}, {'filter': 'warning', 'shape': 'sparse data with no patterns', 'models': {'HB': {'max_bins': 5, 'alpha': 0.5, 'max_points': 10080, 'warmup_period_in_number_of_points': 10080, 'time_to_reset': 10080, 'avg_level_alpha': 0.6000000000000001, 'avg_level_threshold': 10}}}, {'filter': 'error', 'shape': 'sparse data with no patterns', 'models': {'HB': {'max_bins': 5, 'alpha': 0.5, 'max_points': 10080, 'warmup_period_in_number_of_points': 10080, 'time_to_reset': 10080, 'avg_level_alpha': 0.6000000000000001, 'avg_level_threshold': 10}}}]",general: [] warning: ['HB'] error: ['HB']
32,{'$oid': '61e152263a0e31036bddb054'},60ddc7da72033d00111f4be1-docker-log-sdet-celery-develop-stashed,"[{'filter': 'general', 'shape': 'sparse data with no patterns', 'models': {}}, {'filter': 'warning', 'shape': 'sparse data with no patterns', 'models': {'HB': {'max_bins': 5, 'alpha': 0.5, 'max_points': 10080, 'warmup_period_in_number_of_points': 10080, 'time_to_reset': 10080, 'avg_level_alpha': 0.6000000000000001, 'avg_level_threshold': 10}}}, {'filter': 'error', 'shape': 'sparse data with no patterns', 'models': {'HB': {'max_bins': 5, 'alpha': 0.5, 'max_points': 10080, 'warmup_period_in_number_of_points': 10080, 'time_to_reset': 10080, 'avg_level_alpha': 0.6000000000000001, 'avg_level_threshold': 10}}}]",general: [] warning: ['HB'] error: ['HB']
33,{'$oid': '61e152263a0e31036bddb055'},60ddc7da72033d00111f4be1-docker-log-zero-gachis-api-develop-stashed,"[{'filter': 'general', 'shape': 'random noisy data', 'models': {'HB': {'max_bins': 5, 'alpha': 0.5, 'max_points': 10080, 'warmup_period_in_number_of_points': 10080, 'time_to_reset': 10080, 'avg_level_alpha': 0.6000000000000001, 'avg_level_threshold': 10}, 'Skyline': {'alpha': 0.7000000000000001, 'median_absolute_deviation_threshold': 6, 'histogram_bins_min_points': 100, 'n_bins': 10, 'n_points': 5, 'max_history_time': 604800, 'threshold': 0.8}}}, {'filter': 'warning', 'shape': 'random noisy data', 'models': {'HB': {'max_bins': 5, 'alpha': 0.5, 'max_points': 10080, 'warmup_period_in_number_of_points': 10080, 'time_to_reset': 10080, 'avg_level_alpha': 0.6000000000000001, 'avg_level_threshold': 10}, 'Skyline': {'alpha': 0.7000000000000001, 'median_absolute_deviation_threshold': 6, 'histogram_bins_min_points': 100, 'n_bins': 10, 'n_points': 5, 'max_history_time': 604800, 'threshold': 0.8}}}, {'filter': 'error', 'shape': 'random noisy data', 'models': {'HB': {'max_bins': 5, 'alpha': 0.5, 'max_points': 10080, 'warmup_period_in_number_of_points': 10080, 'time_to_reset': 10080, 'avg_level_alpha': 0.6000000000000001, 'avg_level_threshold': 10}, 'Skyline': {'alpha': 0.7000000000000001, 'median_absolute_deviation_threshold': 6, 'histogram_bins_min_points': 100, 'n_bins': 10, 'n_points': 5, 'max_history_time': 604800, 'threshold': 0.8}}}]","general: ['HB', 'Skyline'] warning: ['HB', 'Skyline'] error: ['HB', 'Skyline']"
34,{'$oid': '61e152263a0e31036bddb056'},60ddc7da72033d00111f4be1-docker-log-zero-gachis-api-master-stashed,"[{'filter': 'general', 'shape': 'sparse data with no patterns', 'models': {}}, {'filter': 'warning', 'shape': 'sparse data with no patterns', 'models': {'HB': {'max_bins': 5, 'alpha': 0.5, 'max_points': 10080, 'warmup_period_in_number_of_points': 10080, 'time_to_reset': 10080, 'avg_level_alpha': 0.6000000000000001, 'avg_level_threshold': 10}}}, {'filter': 'error', 'shape': 'sparse data with no patterns', 'models': {'HB': {'max_bins': 5, 'alpha': 0.5, 'max_points': 10080, 'warmup_period_in_number_of_points': 10080, 'time_to_reset': 10080, 'avg_level_alpha': 0.6000000000000001, 'avg_level_threshold': 10}}}]",general: [] warning: ['HB'] error: ['HB']
35,{'$oid': '61e152263a0e31036bddb057'},60ddc7da72033d00111f4be1-docker-log-sdet-cron-master-stashed,"[{'filter': 'general', 'shape': 'sparse data with no patterns', 'models': {}}, {'filter': 'warning', 'shape': 'sparse data with no patterns', 'models': {'HB': {'max_bins': 5, 'alpha': 0.5, 'max_points': 10080, 'warmup_period_in_number_of_points': 10080, 'time_to_reset': 10080, 'avg_level_alpha': 0.6000000000000001, 'avg_level_threshold': 10}}}, {'filter': 'error', 'shape': 'sparse data with no patterns', 'models': {'HB': {'max_bins': 5, 'alpha': 0.5, 'max_points': 10080, 'warmup_period_in_number_of_points': 10080, 'time_to_reset': 10080, 'avg_level_alpha': 0.6000000000000001, 'avg_level_threshold': 10}}}]",general: [] warning: ['HB'] error: ['HB']
36,{'$oid': '61e152263a0e31036bddb058'},60ddc7da72033d00111f4be1-docker-log-external-is-celery-master-stashed,"[{'filter': 'general', 'shape': 'random noisy data', 'models': {'HB': {'max_bins': 5, 'alpha': 0.5, 'max_points': 10080, 'warmup_period_in_number_of_points': 10080, 'time_to_reset': 10080, 'avg_level_alpha': 0.6000000000000001, 'avg_level_threshold': 10}, 'Skyline': {'alpha': 0.7000000000000001, 'median_absolute_deviation_threshold': 6, 'histogram_bins_min_points': 100, 'n_bins': 10, 'n_points': 5, 'max_history_time': 604800, 'threshold': 0.8}}}, {'filter': 'warning', 'shape': 'sparse data with no patterns', 'models': {'HB': {'max_bins': 5, 'alpha': 0.5, 'max_points': 10080, 'warmup_period_in_number_of_points': 10080, 'time_to_reset': 10080, 'avg_level_alpha': 0.6000000000000001, 'avg_level_threshold': 10}}}, {'filter': 'error', 'shape': 'sparse data with no patterns', 'models': {'HB': {'max_bins': 5, 'alpha': 0.5, 'max_points': 10080, 'warmup_period_in_number_of_points': 10080, 'time_to_reset': 10080, 'avg_level_alpha': 0.6000000000000001, 'avg_level_threshold': 10}}}]","general: ['HB', 'Skyline'] warning: ['HB'] error: ['HB']"
37,{'$oid': '61e152263a0e31036bddb059'},60ddc7da72033d00111f4be1-docker-log-nginxzero-gachis-service-develop-stashed,"[{'filter': 'general', 'shape': 'sparse data with no patterns', 'models': {}}, {'filter': 'warning', 'shape': 'sparse data with no patterns', 'models': {'HB': {'max_bins': 5, 'alpha': 0.5, 'max_points': 10080, 'warmup_period_in_number_of_points': 10080, 'time_to_reset': 10080, 'avg_level_alpha': 0.6000000000000001, 'avg_level_threshold': 10}}}, {'filter': 'error', 'shape': 'sparse data with no patterns', 'models': {'HB': {'max_bins': 5, 'alpha': 0.5, 'max_points': 10080, 'warmup_period_in_number_of_points': 10080, 'time_to_reset': 10080, 'avg_level_alpha': 0.6000000000000001, 'avg_level_threshold': 10}}}]",general: [] warning: ['HB'] error: ['HB']
38,{'$oid': '61e152263a0e31036bddb05a'},60ddc7da72033d00111f4be1-docker-log-zero-gachis-celery-develop-stashed,"[{'filter': 'general', 'shape': 'usually the same values observed', 'models': {'HB': {'max_bins': 5, 'alpha': 0.5, 'max_points': 10080, 'warmup_period_in_number_of_points': 10080, 'time_to_reset': 10080, 'avg_level_alpha': 0.6000000000000001, 'avg_level_threshold': 10}}}, {'filter': 'warning', 'shape': 'sparse data with no patterns', 'models': {'HB': {'max_bins': 5, 'alpha': 0.5, 'max_points': 10080, 'warmup_period_in_number_of_points': 10080, 'time_to_reset': 10080, 'avg_level_alpha': 0.6000000000000001, 'avg_level_threshold': 10}}}, {'filter': 'error', 'shape': 'sparse data with no patterns', 'models': {'HB': {'max_bins': 5, 'alpha': 0.5, 'max_points': 10080, 'warmup_period_in_number_of_points': 10080, 'time_to_reset': 10080, 'avg_level_alpha': 0.6000000000000001, 'avg_level_threshold': 10}}}]",general: ['HB'] warning: ['HB'] error: ['HB']
39,{'$oid': '61e152263a0e31036bddb05b'},60ddc7da72033d00111f4be1-docker-log-nginxapi-gateway-service-master-stashed,"[{'filter': 'general', 'shape': 'random noisy data', 'models': {'HB': {'max_bins': 5, 'alpha': 0.5, 'max_points': 10080, 'warmup_period_in_number_of_points': 10080, 'time_to_reset': 10080, 'avg_level_alpha': 0.6000000000000001, 'avg_level_threshold': 10}, 'Skyline': {'alpha': 0.7000000000000001, 'median_absolute_deviation_threshold': 6, 'histogram_bins_min_points': 100, 'n_bins': 10, 'n_points': 5, 'max_history_time': 604800, 'threshold': 0.8}}}, {'filter': 'warning', 'shape': 'sparse data with no patterns', 'models': {'HB': {'max_bins': 5, 'alpha': 0.5, 'max_points': 10080, 'warmup_period_in_number_of_points': 10080, 'time_to_reset': 10080, 'avg_level_alpha': 0.6000000000000001, 'avg_level_threshold': 10}}}, {'filter': 'error', 'shape': 'usually the same values observed', 'models': {'HB': {'max_bins': 5, 'alpha': 0.5, 'max_points': 10080, 'warmup_period_in_number_of_points': 10080, 'time_to_reset': 10080, 'avg_level_alpha': 0.6000000000000001, 'avg_level_threshold': 10}}}]","general: ['HB', 'Skyline'] warning: ['HB'] error: ['HB']"
40,{'$oid': '61e152263a0e31036bddb05c'},60ddc7da72033d00111f4be1-docker-log-pythonexternal-is-rabbit-develop-stashed,"[{'filter': 'general', 'shape': 'sparse data with no patterns', 'models': {}}, {'filter': 'warning', 'shape': 'sparse data with no patterns', 'models': {'HB': {'max_bins': 5, 'alpha': 0.5, 'max_points': 10080, 'warmup_period_in_number_of_points': 10080, 'time_to_reset': 10080, 'avg_level_alpha': 0.6000000000000001, 'avg_level_threshold': 10}}}, {'filter': 'error', 'shape': 'sparse data with no patterns', 'models': {'HB': {'max_bins': 5, 'alpha': 0.5, 'max_points': 10080, 'warmup_period_in_number_of_points': 10080, 'time_to_reset': 10080, 'avg_level_alpha': 0.6000000000000001, 'avg_level_threshold': 10}}}]",general: [] warning: ['HB'] error: ['HB']
41,{'$oid': '61e152263a0e31036bddb05d'},60ddc7da72033d00111f4be1-docker-log-traefiktraefik-develop-stashed,"[{'filter': 'general', 'shape': 'random noisy data', 'models': {'HB': {'max_bins': 5, 'alpha': 0.5, 'max_points': 10080, 'warmup_period_in_number_of_points': 10080, 'time_to_reset': 10080, 'avg_level_alpha': 0.6000000000000001, 'avg_level_threshold': 10}, 'Skyline': {'alpha': 0.7000000000000001, 'median_absolute_deviation_threshold': 6, 'histogram_bins_min_points': 100, 'n_bins': 10, 'n_points': 5, 'max_history_time': 604800, 'threshold': 0.8}}}, {'filter': 'warning', 'shape': 'sparse data with no patterns', 'models': {'HB': {'max_bins': 5, 'alpha': 0.5, 'max_points': 10080, 'warmup_period_in_number_of_points': 10080, 'time_to_reset': 10080, 'avg_level_alpha': 0.6000000000000001, 'avg_level_threshold': 10}}}, {'filter': 'error', 'shape': 'sparse data with no patterns', 'models': {'HB': {'max_bins': 5, 'alpha': 0.5, 'max_points': 10080, 'warmup_period_in_number_of_points': 10080, 'time_to_reset': 10080, 'avg_level_alpha': 0.6000000000000001, 'avg_level_threshold': 10}}}]","general: ['HB', 'Skyline'] warning: ['HB'] error: ['HB']"
42,{'$oid': '61e152263a0e31036bddb05e'},60ddc7da72033d00111f4be1-docker-log-pythonhelpdesk-rabbit-develop-stashed,"[{'filter': 'general', 'shape': 'random noisy data', 'models': {'HB': {'max_bins': 5, 'alpha': 0.5, 'max_points': 10080, 'warmup_period_in_number_of_points': 10080, 'time_to_reset': 10080, 'avg_level_alpha': 0.6000000000000001, 'avg_level_threshold': 10}, 'Skyline': {'alpha': 0.7000000000000001, 'median_absolute_deviation_threshold': 6, 'histogram_bins_min_points': 100, 'n_bins': 10, 'n_points': 5, 'max_history_time': 604800, 'threshold': 0.8}}}, {'filter': 'warning', 'shape': 'sparse data with no patterns', 'models': {'HB': {'max_bins': 5, 'alpha': 0.5, 'max_points': 10080, 'warmup_period_in_number_of_points': 10080, 'time_to_reset': 10080, 'avg_level_alpha': 0.6000000000000001, 'avg_level_threshold': 10}}}, {'filter': 'error', 'shape': 'random noisy data', 'models': {'HB': {'max_bins': 5, 'alpha': 0.5, 'max_points': 10080, 'warmup_period_in_number_of_points': 10080, 'time_to_reset': 10080, 'avg_level_alpha': 0.6000000000000001, 'avg_level_threshold': 10}, 'Skyline': {'alpha': 0.7000000000000001, 'median_absolute_deviation_threshold': 6, 'histogram_bins_min_points': 100, 'n_bins': 10, 'n_points': 5, 'max_history_time': 604800, 'threshold': 0.8}}}]","general: ['HB', 'Skyline'] warning: ['HB'] error: ['HB', 'Skyline']"
43,{'$oid': '61e152263a0e31036bddb05f'},60da0bef0c08d30029de2a47-linux60dd7df472033d00111f4bca-log-linux60dd7df472033d00111f4bca-stashed,"[{'filter': 'general', 'shape': 'sparse data with no patterns', 'models': {}}, {'filter': 'warning', 'shape': 'sparse data with no patterns', 'models': {'HB': {'max_bins': 5, 'alpha': 0.5, 'max_points': 10080, 'warmup_period_in_number_of_points': 10080, 'time_to_reset': 10080, 'avg_level_alpha': 0.6000000000000001, 'avg_level_threshold': 10}}}, {'filter': 'error', 'shape': 'sparse data with no patterns', 'models': {'HB': {'max_bins': 5, 'alpha': 0.5, 'max_points': 10080, 'warmup_period_in_number_of_points': 10080, 'time_to_reset': 10080, 'avg_level_alpha': 0.6000000000000001, 'avg_level_threshold': 10}}}]",general: [] warning: ['HB'] error: ['HB']
44,{'$oid': '61e152263a0e31036bddb060'},60ddc7da72033d00111f4be1-docker-log-pythondonation-rabbit-master-stashed,"[{'filter': 'general', 'shape': 'sparse data with no patterns', 'models': {}}, {'filter': 'warning', 'shape': 'sparse data with no patterns', 'models': {'HB': {'max_bins': 5, 'alpha': 0.5, 'max_points': 10080, 'warmup_period_in_number_of_points': 10080, 'time_to_reset': 10080, 'avg_level_alpha': 0.6000000000000001, 'avg_level_threshold': 10}}}, {'filter': 'error', 'shape': 'sparse data with no patterns', 'models': {'HB': {'max_bins': 5, 'alpha': 0.5, 'max_points': 10080, 'warmup_period_in_number_of_points': 10080, 'time_to_reset': 10080, 'avg_level_alpha': 0.6000000000000001, 'avg_level_threshold': 10}}}]",general: [] warning: ['HB'] error: ['HB']
45,{'$oid': '61e152263a0e31036bddb061'},60ddc7da72033d00111f4be1-docker-log-pythondead-letter-rabbit-develop-stashed,"[{'filter': 'general', 'shape': 'random noisy data', 'models': {'HB': {'max_bins': 5, 'alpha': 0.5, 'max_points': 10080, 'warmup_period_in_number_of_points': 10080, 'time_to_reset': 10080, 'avg_level_alpha': 0.6000000000000001, 'avg_level_threshold': 10}, 'Skyline': {'alpha': 0.7000000000000001, 'median_absolute_deviation_threshold': 6, 'histogram_bins_min_points': 100, 'n_bins': 10, 'n_points': 5, 'max_history_time': 604800, 'threshold': 0.8}}}, {'filter': 'warning', 'shape': 'sparse data with no patterns', 'models': {'HB': {'max_bins': 5, 'alpha': 0.5, 'max_points': 10080, 'warmup_period_in_number_of_points': 10080, 'time_to_reset': 10080, 'avg_level_alpha': 0.6000000000000001, 'avg_level_threshold': 10}}}, {'filter': 'error', 'shape': 'sparse data with no patterns', 'models': {'HB': {'max_bins': 5, 'alpha': 0.5, 'max_points': 10080, 'warmup_period_in_number_of_points': 10080, 'time_to_reset': 10080, 'avg_level_alpha': 0.6000000000000001, 'avg_level_threshold': 10}}}]","general: ['HB', 'Skyline'] warning: ['HB'] error: ['HB']"
46,{'$oid': '61e152263a0e31036bddb062'},60ddc7da72033d00111f4be1-docker-log-dotnet-template-service-develop-stashed,"[{'filter': 'general', 'shape': 'usually the same values observed', 'models': {'HB': {'max_bins': 5, 'alpha': 0.5, 'max_points': 10080, 'warmup_period_in_number_of_points': 10080, 'time_to_reset': 10080, 'avg_level_alpha': 0.6000000000000001, 'avg_level_threshold': 10}}}, {'filter': 'warning', 'shape': 'sparse data with no patterns', 'models': {'HB': {'max_bins': 5, 'alpha': 0.5, 'max_points': 10080, 'warmup_period_in_number_of_points': 10080, 'time_to_reset': 10080, 'avg_level_alpha': 0.6000000000000001, 'avg_level_threshold': 10}}}, {'filter': 'error', 'shape': 'sparse data with no patterns', 'models': {'HB': {'max_bins': 5, 'alpha': 0.5, 'max_points': 10080, 'warmup_period_in_number_of_points': 10080, 'time_to_reset': 10080, 'avg_level_alpha': 0.6000000000000001, 'avg_level_threshold': 10}}}]",general: ['HB'] warning: ['HB'] error: ['HB']
47,{'$oid': '61e152263a0e31036bddb063'},60ddc7da72033d00111f4be1-docker-log-nodeheadless-browser-service-master-stashed,"[{'filter': 'general', 'shape': 'sparse data with no patterns', 'models': {}}, {'filter': 'warning', 'shape': 'sparse data with no patterns', 'models': {'HB': {'max_bins': 5, 'alpha': 0.5, 'max_points': 10080, 'warmup_period_in_number_of_points': 10080, 'time_to_reset': 10080, 'avg_level_alpha': 0.6000000000000001, 'avg_level_threshold': 10}}}, {'filter': 'error', 'shape': 'sparse data with no patterns', 'models': {'HB': {'max_bins': 5, 'alpha': 0.5, 'max_points': 10080, 'warmup_period_in_number_of_points': 10080, 'time_to_reset': 10080, 'avg_level_alpha': 0.6000000000000001, 'avg_level_threshold': 10}}}]",general: [] warning: ['HB'] error: ['HB']
48,{'$oid': '61e152263a0e31036bddb064'},60da0bef0c08d30029de2a47-linux60dd7df472033d00111f4bca-log-packetaiacb9b8e7bd61b92f-stashed,"[{'filter': 'general', 'shape': 'sparse data with no patterns', 'models': {}}, {'filter': 'warning', 'shape': 'sparse data with no patterns', 'models': {'HB': {'max_bins': 5, 'alpha': 0.5, 'max_points': 10080, 'warmup_period_in_number_of_points': 10080, 'time_to_reset': 10080, 'avg_level_alpha': 0.6000000000000001, 'avg_level_threshold': 10}}}, {'filter': 'error', 'shape': 'sparse data with no patterns', 'models': {'HB': {'max_bins': 5, 'alpha': 0.5, 'max_points': 10080, 'warmup_period_in_number_of_points': 10080, 'time_to_reset': 10080, 'avg_level_alpha': 0.6000000000000001, 'avg_level_threshold': 10}}}]",general: [] warning: ['HB'] error: ['HB']
49,{'$oid': '61e152263a0e31036bddb065'},60ddc7da72033d00111f4be1-docker-log-pythonemail-service-develop-stashed,"[{'filter': 'general', 'shape': 'usually the same values observed', 'models': {'HB': {'max_bins': 5, 'alpha': 0.5, 'max_points': 10080, 'warmup_period_in_number_of_points': 10080, 'time_to_reset': 10080, 'avg_level_alpha': 0.6000000000000001, 'avg_level_threshold': 10}}}, {'filter': 'warning', 'shape': 'sparse data with no patterns', 'models': {'HB': {'max_bins': 5, 'alpha': 0.5, 'max_points': 10080, 'warmup_period_in_number_of_points': 10080, 'time_to_reset': 10080, 'avg_level_alpha': 0.6000000000000001, 'avg_level_threshold': 10}}}, {'filter': 'error', 'shape': 'sparse data with no patterns', 'models': {'HB': {'max_bins': 5, 'alpha': 0.5, 'max_points': 10080, 'warmup_period_in_number_of_points': 10080, 'time_to_reset': 10080, 'avg_level_alpha': 0.6000000000000001, 'avg_level_threshold': 10}}}]",general: ['HB'] warning: ['HB'] error: ['HB']
50,{'$oid': '61e152263a0e31036bddb066'},60ddc7da72033d00111f4be1-docker-log-external-is-cron-master-stashed,"[{'filter': 'general', 'shape': 'usually the same values observed', 'models': {'HB': {'max_bins': 5, 'alpha': 0.5, 'max_points': 10080, 'warmup_period_in_number_of_points': 10080, 'time_to_reset': 10080, 'avg_level_alpha': 0.6000000000000001, 'avg_level_threshold': 10}}}, {'filter': 'warning', 'shape': 'sparse data with no patterns', 'models': {'HB': {'max_bins': 5, 'alpha': 0.5, 'max_points': 10080, 'warmup_period_in_number_of_points': 10080, 'time_to_reset': 10080, 'avg_level_alpha': 0.6000000000000001, 'avg_level_threshold': 10}}}, {'filter': 'error', 'shape': 'sparse data with no patterns', 'models': {'HB': {'max_bins': 5, 'alpha': 0.5, 'max_points': 10080, 'warmup_period_in_number_of_points': 10080, 'time_to_reset': 10080, 'avg_level_alpha': 0.6000000000000001, 'avg_level_threshold': 10}}}]",general: ['HB'] warning: ['HB'] error: ['HB']
51,{'$oid': '61e152263a0e31036bddb067'},60ddc7da72033d00111f4be1-docker-log-pythonzero-gachis-rabbit-master-stashed,"[{'filter': 'general', 'shape': 'random noisy data', 'models': {'HB': {'max_bins': 5, 'alpha': 0.5, 'max_points': 10080, 'warmup_period_in_number_of_points': 10080, 'time_to_reset': 10080, 'avg_level_alpha': 0.6000000000000001, 'avg_level_threshold': 10}, 'Skyline': {'alpha': 0.7000000000000001, 'median_absolute_deviation_threshold': 6, 'histogram_bins_min_points': 100, 'n_bins': 10, 'n_points': 5, 'max_history_time': 604800, 'threshold': 0.8}}}, {'filter': 'warning', 'shape': 'sparse data with no patterns', 'models': {'HB': {'max_bins': 5, 'alpha': 0.5, 'max_points': 10080, 'warmup_period_in_number_of_points': 10080, 'time_to_reset': 10080, 'avg_level_alpha': 0.6000000000000001, 'avg_level_threshold': 10}}}, {'filter': 'error', 'shape': 'random noisy data', 'models': {'HB': {'max_bins': 5, 'alpha': 0.5, 'max_points': 10080, 'warmup_period_in_number_of_points': 10080, 'time_to_reset': 10080, 'avg_level_alpha': 0.6000000000000001, 'avg_level_threshold': 10}, 'Skyline': {'alpha': 0.7000000000000001, 'median_absolute_deviation_threshold': 6, 'histogram_bins_min_points': 100, 'n_bins': 10, 'n_points': 5, 'max_history_time': 604800, 'threshold': 0.8}}}]","general: ['HB', 'Skyline'] warning: ['HB'] error: ['HB', 'Skyline']"
52,{'$oid': '61e152263a0e31036bddb068'},60ddc7da72033d00111f4be1-docker-log-pythondonation-service-develop-stashed,"[{'filter': 'general', 'shape': 'usually the same values observed', 'models': {'HB': {'max_bins': 5, 'alpha': 0.5, 'max_points': 10080, 'warmup_period_in_number_of_points': 10080, 'time_to_reset': 10080, 'avg_level_alpha': 0.6000000000000001, 'avg_level_threshold': 10}}}, {'filter': 'warning', 'shape': 'sparse data with no patterns', 'models': {'HB': {'max_bins': 5, 'alpha': 0.5, 'max_points': 10080, 'warmup_period_in_number_of_points': 10080, 'time_to_reset': 10080, 'avg_level_alpha': 0.6000000000000001, 'avg_level_threshold': 10}}}, {'filter': 'error', 'shape': 'sparse data with no patterns', 'models': {'HB': {'max_bins': 5, 'alpha': 0.5, 'max_points': 10080, 'warmup_period_in_number_of_points': 10080, 'time_to_reset': 10080, 'avg_level_alpha': 0.6000000000000001, 'avg_level_threshold': 10}}}]",general: ['HB'] warning: ['HB'] error: ['HB']
53,{'$oid': '61e152263a0e31036bddb069'},60ddc7da72033d00111f4be1-docker-log-pythonsales-service-develop-stashed,"[{'filter': 'general', 'shape': 'usually the same values observed', 'models': {'HB': {'max_bins': 5, 'alpha': 0.5, 'max_points': 10080, 'warmup_period_in_number_of_points': 10080, 'time_to_reset': 10080, 'avg_level_alpha': 0.6000000000000001, 'avg_level_threshold': 10}}}, {'filter': 'warning', 'shape': 'sparse data with no patterns', 'models': {'HB': {'max_bins': 5, 'alpha': 0.5, 'max_points': 10080, 'warmup_period_in_number_of_points': 10080, 'time_to_reset': 10080, 'avg_level_alpha': 0.6000000000000001, 'avg_level_threshold': 10}}}, {'filter': 'error', 'shape': 'sparse data with no patterns', 'models': {'HB': {'max_bins': 5, 'alpha': 0.5, 'max_points': 10080, 'warmup_period_in_number_of_points': 10080, 'time_to_reset': 10080, 'avg_level_alpha': 0.6000000000000001, 'avg_level_threshold': 10}}}]",general: ['HB'] warning: ['HB'] error: ['HB']
54,{'$oid': '61e152263a0e31036bddb06a'},60da0bef0c08d30029de2a47-linux60df0beda69b9a00118efc3e-log-d88875a02e5eb42f-stashed,"[{'filter': 'general', 'shape': 'sparse data with no patterns', 'models': {}}, {'filter': 'warning', 'shape': 'sparse data with no patterns', 'models': {'HB': {'max_bins': 5, 'alpha': 0.5, 'max_points': 10080, 'warmup_period_in_number_of_points': 10080, 'time_to_reset': 10080, 'avg_level_alpha': 0.6000000000000001, 'avg_level_threshold': 10}}}, {'filter': 'error', 'shape': 'sparse data with no patterns', 'models': {'HB': {'max_bins': 5, 'alpha': 0.5, 'max_points': 10080, 'warmup_period_in_number_of_points': 10080, 'time_to_reset': 10080, 'avg_level_alpha': 0.6000000000000001, 'avg_level_threshold': 10}}}]",general: [] warning: ['HB'] error: ['HB']
55,{'$oid': '61e152263a0e31036bddb06b'},60ddc7da72033d00111f4be1-docker-log-datadog-agent-service-develop-stashed,"[{'filter': 'general', 'shape': 'usually the same values observed', 'models': {'HB': {'max_bins': 5, 'alpha': 0.5, 'max_points': 10080, 'warmup_period_in_number_of_points': 10080, 'time_to_reset': 10080, 'avg_level_alpha': 0.6000000000000001, 'avg_level_threshold': 10}}}, {'filter': 'warning', 'shape': 'sparse data with no patterns', 'models': {'HB': {'max_bins': 5, 'alpha': 0.5, 'max_points': 10080, 'warmup_period_in_number_of_points': 10080, 'time_to_reset': 10080, 'avg_level_alpha': 0.6000000000000001, 'avg_level_threshold': 10}}}, {'filter': 'error', 'shape': 'sparse data with no patterns', 'models': {'HB': {'max_bins': 5, 'alpha': 0.5, 'max_points': 10080, 'warmup_period_in_number_of_points': 10080, 'time_to_reset': 10080, 'avg_level_alpha': 0.6000000000000001, 'avg_level_threshold': 10}}}]",general: ['HB'] warning: ['HB'] error: ['HB']
56,{'$oid': '61e152263a0e31036bddb06c'},60ddc7da72033d00111f4be1-docker-log-pythondead-letter-rabbit-master-stashed,"[{'filter': 'general', 'shape': 'random noisy data', 'models': {'HB': {'max_bins': 5, 'alpha': 0.5, 'max_points': 10080, 'warmup_period_in_number_of_points': 10080, 'time_to_reset': 10080, 'avg_level_alpha': 0.6000000000000001, 'avg_level_threshold': 10}, 'Skyline': {'alpha': 0.7000000000000001, 'median_absolute_deviation_threshold': 6, 'histogram_bins_min_points': 100, 'n_bins': 10, 'n_points': 5, 'max_history_time': 604800, 'threshold': 0.8}}}, {'filter': 'warning', 'shape': 'sparse data with no patterns', 'models': {'HB': {'max_bins': 5, 'alpha': 0.5, 'max_points': 10080, 'warmup_period_in_number_of_points': 10080, 'time_to_reset': 10080, 'avg_level_alpha': 0.6000000000000001, 'avg_level_threshold': 10}}}, {'filter': 'error', 'shape': 'sparse data with no patterns', 'models': {'HB': {'max_bins': 5, 'alpha': 0.5, 'max_points': 10080, 'warmup_period_in_number_of_points': 10080, 'time_to_reset': 10080, 'avg_level_alpha': 0.6000000000000001, 'avg_level_threshold': 10}}}]","general: ['HB', 'Skyline'] warning: ['HB'] error: ['HB']"
57,{'$oid': '61e152263a0e31036bddb06d'},60ddc7da72033d00111f4be1-docker-log-sync-service-develop-stashed,"[{'filter': 'general', 'shape': 'usually the same values observed', 'models': {'HB': {'max_bins': 5, 'alpha': 0.5, 'max_points': 10080, 'warmup_period_in_number_of_points': 10080, 'time_to_reset': 10080, 'avg_level_alpha': 0.6000000000000001, 'avg_level_threshold': 10}}}, {'filter': 'warning', 'shape': 'sparse data with no patterns', 'models': {'HB': {'max_bins': 5, 'alpha': 0.5, 'max_points': 10080, 'warmup_period_in_number_of_points': 10080, 'time_to_reset': 10080, 'avg_level_alpha': 0.6000000000000001, 'avg_level_threshold': 10}}}, {'filter': 'error', 'shape': 'sparse data with no patterns', 'models': {'HB': {'max_bins': 5, 'alpha': 0.5, 'max_points': 10080, 'warmup_period_in_number_of_points': 10080, 'time_to_reset': 10080, 'avg_level_alpha': 0.6000000000000001, 'avg_level_threshold': 10}}}]",general: ['HB'] warning: ['HB'] error: ['HB']
58,{'$oid': '61e152263a0e31036bddb06e'},60ddc7da72033d00111f4be1-docker-log-javakeycloak-service-develop-stashed,"[{'filter': 'general', 'shape': 'sparse data with no patterns', 'models': {}}, {'filter': 'warning', 'shape': 'sparse data with no patterns', 'models': {'HB': {'max_bins': 5, 'alpha': 0.5, 'max_points': 10080, 'warmup_period_in_number_of_points': 10080, 'time_to_reset': 10080, 'avg_level_alpha': 0.6000000000000001, 'avg_level_threshold': 10}}}, {'filter': 'error', 'shape': 'sparse data with no patterns', 'models': {'HB': {'max_bins': 5, 'alpha': 0.5, 'max_points': 10080, 'warmup_period_in_number_of_points': 10080, 'time_to_reset': 10080, 'avg_level_alpha': 0.6000000000000001, 'avg_level_threshold': 10}}}]",general: [] warning: ['HB'] error: ['HB']
59,{'$oid': '61e152263a0e31036bddb06f'},60ddc7da72033d00111f4be1-docker-log-nginxzero-gachis-api-develop-stashed,"[{'filter': 'general', 'shape': 'sparse data with no patterns', 'models': {}}, {'filter': 'warning', 'shape': 'sparse data with no patterns', 'models': {'HB': {'max_bins': 5, 'alpha': 0.5, 'max_points': 10080, 'warmup_period_in_number_of_points': 10080, 'time_to_reset': 10080, 'avg_level_alpha': 0.6000000000000001, 'avg_level_threshold': 10}}}, {'filter': 'error', 'shape': 'sparse data with no patterns', 'models': {'HB': {'max_bins': 5, 'alpha': 0.5, 'max_points': 10080, 'warmup_period_in_number_of_points': 10080, 'time_to_reset': 10080, 'avg_level_alpha': 0.6000000000000001, 'avg_level_threshold': 10}}}]",general: [] warning: ['HB'] error: ['HB']
60,{'$oid': '61e152263a0e31036bddb070'},60ddc7da72033d00111f4be1-docker-log-sdet-cron-develop-stashed,"[{'filter': 'general', 'shape': 'usually the same values observed', 'models': {'HB': {'max_bins': 5, 'alpha': 0.5, 'max_points': 10080, 'warmup_period_in_number_of_points': 10080, 'time_to_reset': 10080, 'avg_level_alpha': 0.6000000000000001, 'avg_level_threshold': 10}}}, {'filter': 'warning', 'shape': 'sparse data with no patterns', 'models': {'HB': {'max_bins': 5, 'alpha': 0.5, 'max_points': 10080, 'warmup_period_in_number_of_points': 10080, 'time_to_reset': 10080, 'avg_level_alpha': 0.6000000000000001, 'avg_level_threshold': 10}}}, {'filter': 'error', 'shape': 'usually the same values observed', 'models': {'HB': {'max_bins': 5, 'alpha': 0.5, 'max_points': 10080, 'warmup_period_in_number_of_points': 10080, 'time_to_reset': 10080, 'avg_level_alpha': 0.6000000000000001, 'avg_level_threshold': 10}}}]",general: ['HB'] warning: ['HB'] error: ['HB']
61,{'$oid': '61e152263a0e31036bddb071'},60ddc7da72033d00111f4be1-docker-log-donation-celery-master-stashed,"[{'filter': 'general', 'shape': 'usually the same values observed', 'models': {'HB': {'max_bins': 5, 'alpha': 0.5, 'max_points': 10080, 'warmup_period_in_number_of_points': 10080, 'time_to_reset': 10080, 'avg_level_alpha': 0.6000000000000001, 'avg_level_threshold': 10}}}, {'filter': 'warning', 'shape': 'sparse data with no patterns', 'models': {'HB': {'max_bins': 5, 'alpha': 0.5, 'max_points': 10080, 'warmup_period_in_number_of_points': 10080, 'time_to_reset': 10080, 'avg_level_alpha': 0.6000000000000001, 'avg_level_threshold': 10}}}, {'filter': 'error', 'shape': 'sparse data with no patterns', 'models': {'HB': {'max_bins': 5, 'alpha': 0.5, 'max_points': 10080, 'warmup_period_in_number_of_points': 10080, 'time_to_reset': 10080, 'avg_level_alpha': 0.6000000000000001, 'avg_level_threshold': 10}}}]",general: ['HB'] warning: ['HB'] error: ['HB']
62,{'$oid': '61e152263a0e31036bddb072'},60ddc7da72033d00111f4be1-docker-log-datadog-agent-service-master-stashed,"[{'filter': 'general', 'shape': 'usually the same values observed', 'models': {'HB': {'max_bins': 5, 'alpha': 0.5, 'max_points': 10080, 'warmup_period_in_number_of_points': 10080, 'time_to_reset': 10080, 'avg_level_alpha': 0.6000000000000001, 'avg_level_threshold': 10}}}, {'filter': 'warning', 'shape': 'sparse data with no patterns', 'models': {'HB': {'max_bins': 5, 'alpha': 0.5, 'max_points': 10080, 'warmup_period_in_number_of_points': 10080, 'time_to_reset': 10080, 'avg_level_alpha': 0.6000000000000001, 'avg_level_threshold': 10}}}, {'filter': 'error', 'shape': 'sparse data with no patterns', 'models': {'HB': {'max_bins': 5, 'alpha': 0.5, 'max_points': 10080, 'warmup_period_in_number_of_points': 10080, 'time_to_reset': 10080, 'avg_level_alpha': 0.6000000000000001, 'avg_level_threshold': 10}}}]",general: ['HB'] warning: ['HB'] error: ['HB']
63,{'$oid': '61e152263a0e31036bddb073'},60ddc7da72033d00111f4be1-docker-log-zero-gachis-service-develop-stashed,"[{'filter': 'general', 'shape': 'random noisy data', 'models': {'HB': {'max_bins': 5, 'alpha': 0.5, 'max_points': 10080, 'warmup_period_in_number_of_points': 10080, 'time_to_reset': 10080, 'avg_level_alpha': 0.6000000000000001, 'avg_level_threshold': 10}, 'Skyline': {'alpha': 0.7000000000000001, 'median_absolute_deviation_threshold': 6, 'histogram_bins_min_points': 100, 'n_bins': 10, 'n_points': 5, 'max_history_time': 604800, 'threshold': 0.8}}}, {'filter': 'warning', 'shape': 'sparse data with no patterns', 'models': {'HB': {'max_bins': 5, 'alpha': 0.5, 'max_points': 10080, 'warmup_period_in_number_of_points': 10080, 'time_to_reset': 10080, 'avg_level_alpha': 0.6000000000000001, 'avg_level_threshold': 10}}}, {'filter': 'error', 'shape': 'random noisy data', 'models': {'HB': {'max_bins': 5, 'alpha': 0.5, 'max_points': 10080, 'warmup_period_in_number_of_points': 10080, 'time_to_reset': 10080, 'avg_level_alpha': 0.6000000000000001, 'avg_level_threshold': 10}, 'Skyline': {'alpha': 0.7000000000000001, 'median_absolute_deviation_threshold': 6, 'histogram_bins_min_points': 100, 'n_bins': 10, 'n_points': 5, 'max_history_time': 604800, 'threshold': 0.8}}}]","general: ['HB', 'Skyline'] warning: ['HB'] error: ['HB', 'Skyline']"
64,{'$oid': '61e152263a0e31036bddb074'},60ddc7da72033d00111f4be1-docker-log-nginxzero-gachis-api-master-stashed,"[{'filter': 'general', 'shape': 'random noisy data', 'models': {'HB': {'max_bins': 5, 'alpha': 0.5, 'max_points': 10080, 'warmup_period_in_number_of_points': 10080, 'time_to_reset': 10080, 'avg_level_alpha': 0.6000000000000001, 'avg_level_threshold': 10}, 'Skyline': {'alpha': 0.7000000000000001, 'median_absolute_deviation_threshold': 6, 'histogram_bins_min_points': 100, 'n_bins': 10, 'n_points': 5, 'max_history_time': 604800, 'threshold': 0.8}}}, {'filter': 'warning', 'shape': 'random noisy data', 'models': {'HB': {'max_bins': 5, 'alpha': 0.5, 'max_points': 10080, 'warmup_period_in_number_of_points': 10080, 'time_to_reset': 10080, 'avg_level_alpha': 0.6000000000000001, 'avg_level_threshold': 10}, 'Skyline': {'alpha': 0.7000000000000001, 'median_absolute_deviation_threshold': 6, 'histogram_bins_min_points': 100, 'n_bins': 10, 'n_points': 5, 'max_history_time': 604800, 'threshold': 0.8}}}, {'filter': 'error', 'shape': 'random noisy data', 'models': {'HB': {'max_bins': 5, 'alpha': 0.5, 'max_points': 10080, 'warmup_period_in_number_of_points': 10080, 'time_to_reset': 10080, 'avg_level_alpha': 0.6000000000000001, 'avg_level_threshold': 10}, 'Skyline': {'alpha': 0.7000000000000001, 'median_absolute_deviation_threshold': 6, 'histogram_bins_min_points': 100, 'n_bins': 10, 'n_points': 5, 'max_history_time': 604800, 'threshold': 0.8}}}]","general: ['HB', 'Skyline'] warning: ['HB', 'Skyline'] error: ['HB', 'Skyline']"
65,{'$oid': '61e152263a0e31036bddb075'},60ddc7da72033d00111f4be1-docker-log-external-is-celery-develop-stashed,"[{'filter': 'general', 'shape': 'usually the same values observed', 'models': {'HB': {'max_bins': 5, 'alpha': 0.5, 'max_points': 10080, 'warmup_period_in_number_of_points': 10080, 'time_to_reset': 10080, 'avg_level_alpha': 0.6000000000000001, 'avg_level_threshold': 10}}}, {'filter': 'warning', 'shape': 'sparse data with no patterns', 'models': {'HB': {'max_bins': 5, 'alpha': 0.5, 'max_points': 10080, 'warmup_period_in_number_of_points': 10080, 'time_to_reset': 10080, 'avg_level_alpha': 0.6000000000000001, 'avg_level_threshold': 10}}}, {'filter': 'error', 'shape': 'sparse data with no patterns', 'models': {'HB': {'max_bins': 5, 'alpha': 0.5, 'max_points': 10080, 'warmup_period_in_number_of_points': 10080, 'time_to_reset': 10080, 'avg_level_alpha': 0.6000000000000001, 'avg_level_threshold': 10}}}]",general: ['HB'] warning: ['HB'] error: ['HB']
66,{'$oid': '61e152263a0e31036bddb076'},60ddc7da72033d00111f4be1-docker-log-pythonzero-gachis-rabbit-develop-stashed,"[{'filter': 'general', 'shape': 'usually the same values observed', 'models': {'HB': {'max_bins': 5, 'alpha': 0.5, 'max_points': 10080, 'warmup_period_in_number_of_points': 10080, 'time_to_reset': 10080, 'avg_level_alpha': 0.6000000000000001, 'avg_level_threshold': 10}}}, {'filter': 'warning', 'shape': 'sparse data with no patterns', 'models': {'HB': {'max_bins': 5, 'alpha': 0.5, 'max_points': 10080, 'warmup_period_in_number_of_points': 10080, 'time_to_reset': 10080, 'avg_level_alpha': 0.6000000000000001, 'avg_level_threshold': 10}}}, {'filter': 'error', 'shape': 'usually the same values observed', 'models': {'HB': {'max_bins': 5, 'alpha': 0.5, 'max_points': 10080, 'warmup_period_in_number_of_points': 10080, 'time_to_reset': 10080, 'avg_level_alpha': 0.6000000000000001, 'avg_level_threshold': 10}}}]",general: ['HB'] warning: ['HB'] error: ['HB']
67,{'$oid': '61e152263a0e31036bddb077'},60ddc7da72033d00111f4be1-docker-log-sdet-celery-master-stashed,"[{'filter': 'general', 'shape': 'sparse data with no patterns', 'models': {}}, {'filter': 'warning', 'shape': 'sparse data with no patterns', 'models': {'HB': {'max_bins': 5, 'alpha': 0.5, 'max_points': 10080, 'warmup_period_in_number_of_points': 10080, 'time_to_reset': 10080, 'avg_level_alpha': 0.6000000000000001, 'avg_level_threshold': 10}}}, {'filter': 'error', 'shape': 'sparse data with no patterns', 'models': {'HB': {'max_bins': 5, 'alpha': 0.5, 'max_points': 10080, 'warmup_period_in_number_of_points': 10080, 'time_to_reset': 10080, 'avg_level_alpha': 0.6000000000000001, 'avg_level_threshold': 10}}}]",general: [] warning: ['HB'] error: ['HB']
68,{'$oid': '61e152263a0e31036bddb078'},60ddc7da72033d00111f4be1-docker-log-pythonauth-service-develop-stashed,"[{'filter': 'general', 'shape': 'usually the same values observed', 'models': {'HB': {'max_bins': 5, 'alpha': 0.5, 'max_points': 10080, 'warmup_period_in_number_of_points': 10080, 'time_to_reset': 10080, 'avg_level_alpha': 0.6000000000000001, 'avg_level_threshold': 10}}}, {'filter': 'warning', 'shape': 'sparse data with no patterns', 'models': {'HB': {'max_bins': 5, 'alpha': 0.5, 'max_points': 10080, 'warmup_period_in_number_of_points': 10080, 'time_to_reset': 10080, 'avg_level_alpha': 0.6000000000000001, 'avg_level_threshold': 10}}}, {'filter': 'error', 'shape': 'sparse data with no patterns', 'models': {'HB': {'max_bins': 5, 'alpha': 0.5, 'max_points': 10080, 'warmup_period_in_number_of_points': 10080, 'time_to_reset': 10080, 'avg_level_alpha': 0.6000000000000001, 'avg_level_threshold': 10}}}]",general: ['HB'] warning: ['HB'] error: ['HB']
69,{'$oid': '61e152263a0e31036bddb079'},60ddc7da72033d00111f4be1-docker-log-nodeheadless-browser-service-develop-stashed,"[{'filter': 'general', 'shape': 'sparse data with no patterns', 'models': {}}, {'filter': 'warning', 'shape': 'sparse data with no patterns', 'models': {'HB': {'max_bins': 5, 'alpha': 0.5, 'max_points': 10080, 'warmup_period_in_number_of_points': 10080, 'time_to_reset': 10080, 'avg_level_alpha': 0.6000000000000001, 'avg_level_threshold': 10}}}, {'filter': 'error', 'shape': 'sparse data with no patterns', 'models': {'HB': {'max_bins': 5, 'alpha': 0.5, 'max_points': 10080, 'warmup_period_in_number_of_points': 10080, 'time_to_reset': 10080, 'avg_level_alpha': 0.6000000000000001, 'avg_level_threshold': 10}}}]",general: [] warning: ['HB'] error: ['HB']
70,{'$oid': '61e152263a0e31036bddb07a'},60ddc7da72033d00111f4be1-docker-log-pythondead-letter-service-develop-stashed,"[{'filter': 'general', 'shape': 'usually the same values observed', 'models': {'HB': {'max_bins': 5, 'alpha': 0.5, 'max_points': 10080, 'warmup_period_in_number_of_points': 10080, 'time_to_reset': 10080, 'avg_level_alpha': 0.6000000000000001, 'avg_level_threshold': 10}}}, {'filter': 'warning', 'shape': 'sparse data with no patterns', 'models': {'HB': {'max_bins': 5, 'alpha': 0.5, 'max_points': 10080, 'warmup_period_in_number_of_points': 10080, 'time_to_reset': 10080, 'avg_level_alpha': 0.6000000000000001, 'avg_level_threshold': 10}}}, {'filter': 'error', 'shape': 'sparse data with no patterns', 'models': {'HB': {'max_bins': 5, 'alpha': 0.5, 'max_points': 10080, 'warmup_period_in_number_of_points': 10080, 'time_to_reset': 10080, 'avg_level_alpha': 0.6000000000000001, 'avg_level_threshold': 10}}}]",general: ['HB'] warning: ['HB'] error: ['HB']
71,{'$oid': '61e152263a0e31036bddb07b'},60ddc7da72033d00111f4be1-docker-log-zero-gachis-cron-master-stashed,"[{'filter': 'general', 'shape': 'usually the same values observed', 'models': {'HB': {'max_bins': 5, 'alpha': 0.5, 'max_points': 10080, 'warmup_period_in_number_of_points': 10080, 'time_to_reset': 10080, 'avg_level_alpha': 0.6000000000000001, 'avg_level_threshold': 10}}}, {'filter': 'warning', 'shape': 'sparse data with no patterns', 'models': {'HB': {'max_bins': 5, 'alpha': 0.5, 'max_points': 10080, 'warmup_period_in_number_of_points': 10080, 'time_to_reset': 10080, 'avg_level_alpha': 0.6000000000000001, 'avg_level_threshold': 10}}}, {'filter': 'error', 'shape': 'sparse data with no patterns', 'models': {'HB': {'max_bins': 5, 'alpha': 0.5, 'max_points': 10080, 'warmup_period_in_number_of_points': 10080, 'time_to_reset': 10080, 'avg_level_alpha': 0.6000000000000001, 'avg_level_threshold': 10}}}]",general: ['HB'] warning: ['HB'] error: ['HB']
72,{'$oid': '61e152263a0e31036bddb07c'},60ddc7da72033d00111f4be1-docker-log-pythonb2b-dashboard-service-develop-stashed,"[{'filter': 'general', 'shape': 'random noisy data', 'models': {'HB': {'max_bins': 5, 'alpha': 0.5, 'max_points': 10080, 'warmup_period_in_number_of_points': 10080, 'time_to_reset': 10080, 'avg_level_alpha': 0.6000000000000001, 'avg_level_threshold': 10}, 'Skyline': {'alpha': 0.7000000000000001, 'median_absolute_deviation_threshold': 6, 'histogram_bins_min_points': 100, 'n_bins': 10, 'n_points': 5, 'max_history_time': 604800, 'threshold': 0.8}}}, {'filter': 'warning', 'shape': 'sparse data with no patterns', 'models': {'HB': {'max_bins': 5, 'alpha': 0.5, 'max_points': 10080, 'warmup_period_in_number_of_points': 10080, 'time_to_reset': 10080, 'avg_level_alpha': 0.6000000000000001, 'avg_level_threshold': 10}}}, {'filter': 'error', 'shape': 'sparse data with no patterns', 'models': {'HB': {'max_bins': 5, 'alpha': 0.5, 'max_points': 10080, 'warmup_period_in_number_of_points': 10080, 'time_to_reset': 10080, 'avg_level_alpha': 0.6000000000000001, 'avg_level_threshold': 10}}}]","general: ['HB', 'Skyline'] warning: ['HB'] error: ['HB']"
73,{'$oid': '61e152263a0e31036bddb07d'},60ddc7da72033d00111f4be1-docker-log-dead-letter-celery-develop-stashed,"[{'filter': 'general', 'shape': 'random noisy data', 'models': {'HB': {'max_bins': 5, 'alpha': 0.5, 'max_points': 10080, 'warmup_period_in_number_of_points': 10080, 'time_to_reset': 10080, 'avg_level_alpha': 0.6000000000000001, 'avg_level_threshold': 10}, 'Skyline': {'alpha': 0.7000000000000001, 'median_absolute_deviation_threshold': 6, 'histogram_bins_min_points': 100, 'n_bins': 10, 'n_points': 5, 'max_history_time': 604800, 'threshold': 0.8}}}, {'filter': 'warning', 'shape': 'sparse data with no patterns', 'models': {'HB': {'max_bins': 5, 'alpha': 0.5, 'max_points': 10080, 'warmup_period_in_number_of_points': 10080, 'time_to_reset': 10080, 'avg_level_alpha': 0.6000000000000001, 'avg_level_threshold': 10}}}, {'filter': 'error', 'shape': 'sparse data with no patterns', 'models': {'HB': {'max_bins': 5, 'alpha': 0.5, 'max_points': 10080, 'warmup_period_in_number_of_points': 10080, 'time_to_reset': 10080, 'avg_level_alpha': 0.6000000000000001, 'avg_level_threshold': 10}}}]","general: ['HB', 'Skyline'] warning: ['HB'] error: ['HB']"
74,{'$oid': '61e152263a0e31036bddb07e'},60ddc7da72033d00111f4be1-docker-log-nginxzero-gachis-service-master-stashed,"[{'filter': 'general', 'shape': 'random noisy data', 'models': {'HB': {'max_bins': 5, 'alpha': 0.5, 'max_points': 10080, 'warmup_period_in_number_of_points': 10080, 'time_to_reset': 10080, 'avg_level_alpha': 0.6000000000000001, 'avg_level_threshold': 10}, 'Skyline': {'alpha': 0.7000000000000001, 'median_absolute_deviation_threshold': 6, 'histogram_bins_min_points': 100, 'n_bins': 10, 'n_points': 5, 'max_history_time': 604800, 'threshold': 0.8}}}, {'filter': 'warning', 'shape': 'random noisy data', 'models': {'HB': {'max_bins': 5, 'alpha': 0.5, 'max_points': 10080, 'warmup_period_in_number_of_points': 10080, 'time_to_reset': 10080, 'avg_level_alpha': 0.6000000000000001, 'avg_level_threshold': 10}, 'Skyline': {'alpha': 0.7000000000000001, 'median_absolute_deviation_threshold': 6, 'histogram_bins_min_points': 100, 'n_bins': 10, 'n_points': 5, 'max_history_time': 604800, 'threshold': 0.8}}}, {'filter': 'error', 'shape': 'random noisy data', 'models': {'HB': {'max_bins': 5, 'alpha': 0.5, 'max_points': 10080, 'warmup_period_in_number_of_points': 10080, 'time_to_reset': 10080, 'avg_level_alpha': 0.6000000000000001, 'avg_level_threshold': 10}, 'Skyline': {'alpha': 0.7000000000000001, 'median_absolute_deviation_threshold': 6, 'histogram_bins_min_points': 100, 'n_bins': 10, 'n_points': 5, 'max_history_time': 604800, 'threshold': 0.8}}}]","general: ['HB', 'Skyline'] warning: ['HB', 'Skyline'] error: ['HB', 'Skyline']"
75,{'$oid': '61e152263a0e31036bddb07f'},60ddc7da72033d00111f4be1-linux60e55ad4afe27e0011d72039-log-1c834eadc6191dcc-stashed,"[{'filter': 'general', 'shape': 'sparse data with no patterns', 'models': {}}, {'filter': 'warning', 'shape': 'sparse data with no patterns', 'models': {'HB': {'max_bins': 5, 'alpha': 0.5, 'max_points': 10080, 'warmup_period_in_number_of_points': 10080, 'time_to_reset': 10080, 'avg_level_alpha': 0.6000000000000001, 'avg_level_threshold': 10}}}, {'filter': 'error', 'shape': 'sparse data with no patterns', 'models': {'HB': {'max_bins': 5, 'alpha': 0.5, 'max_points': 10080, 'warmup_period_in_number_of_points': 10080, 'time_to_reset': 10080, 'avg_level_alpha': 0.6000000000000001, 'avg_level_threshold': 10}}}]",general: [] warning: ['HB'] error: ['HB']
76,{'$oid': '61e152263a0e31036bddb080'},60ddc7da72033d00111f4be1-docker-log-external-is-cron-develop-stashed,"[{'filter': 'general', 'shape': 'usually the same values observed', 'models': {'HB': {'max_bins': 5, 'alpha': 0.5, 'max_points': 10080, 'warmup_period_in_number_of_points': 10080, 'time_to_reset': 10080, 'avg_level_alpha': 0.6000000000000001, 'avg_level_threshold': 10}}}, {'filter': 'warning', 'shape': 'sparse data with no patterns', 'models': {'HB': {'max_bins': 5, 'alpha': 0.5, 'max_points': 10080, 'warmup_period_in_number_of_points': 10080, 'time_to_reset': 10080, 'avg_level_alpha': 0.6000000000000001, 'avg_level_threshold': 10}}}, {'filter': 'error', 'shape': 'sparse data with no patterns', 'models': {'HB': {'max_bins': 5, 'alpha': 0.5, 'max_points': 10080, 'warmup_period_in_number_of_points': 10080, 'time_to_reset': 10080, 'avg_level_alpha': 0.6000000000000001, 'avg_level_threshold': 10}}}]",general: ['HB'] warning: ['HB'] error: ['HB']
77,{'$oid': '61e152263a0e31036bddb081'},60ddc7da72033d00111f4be1-docker-log-nginxapi-gateway-service-develop-stashed,"[{'filter': 'general', 'shape': 'random noisy data', 'models': {'HB': {'max_bins': 5, 'alpha': 0.5, 'max_points': 10080, 'warmup_period_in_number_of_points': 10080, 'time_to_reset': 10080, 'avg_level_alpha': 0.6000000000000001, 'avg_level_threshold': 10}, 'Skyline': {'alpha': 0.7000000000000001, 'median_absolute_deviation_threshold': 6, 'histogram_bins_min_points': 100, 'n_bins': 10, 'n_points': 5, 'max_history_time': 604800, 'threshold': 0.8}}}, {'filter': 'warning', 'shape': 'sparse data with no patterns', 'models': {'HB': {'max_bins': 5, 'alpha': 0.5, 'max_points': 10080, 'warmup_period_in_number_of_points': 10080, 'time_to_reset': 10080, 'avg_level_alpha': 0.6000000000000001, 'avg_level_threshold': 10}}}, {'filter': 'error', 'shape': 'sparse data with no patterns', 'models': {'HB': {'max_bins': 5, 'alpha': 0.5, 'max_points': 10080, 'warmup_period_in_number_of_points': 10080, 'time_to_reset': 10080, 'avg_level_alpha': 0.6000000000000001, 'avg_level_threshold': 10}}}]","general: ['HB', 'Skyline'] warning: ['HB'] error: ['HB']"
78,{'$oid': '61e152263a0e31036bddb082'},60ddc7da72033d00111f4be1-docker-log-pythonexternal-is-service-develop-stashed,"[{'filter': 'general', 'shape': 'usually the same values observed', 'models': {'HB': {'max_bins': 5, 'alpha': 0.5, 'max_points': 10080, 'warmup_period_in_number_of_points': 10080, 'time_to_reset': 10080, 'avg_level_alpha': 0.6000000000000001, 'avg_level_threshold': 10}}}, {'filter': 'warning', 'shape': 'sparse data with no patterns', 'models': {'HB': {'max_bins': 5, 'alpha': 0.5, 'max_points': 10080, 'warmup_period_in_number_of_points': 10080, 'time_to_reset': 10080, 'avg_level_alpha': 0.6000000000000001, 'avg_level_threshold': 10}}}, {'filter': 'error', 'shape': 'sparse data with no patterns', 'models': {'HB': {'max_bins': 5, 'alpha': 0.5, 'max_points': 10080, 'warmup_period_in_number_of_points': 10080, 'time_to_reset': 10080, 'avg_level_alpha': 0.6000000000000001, 'avg_level_threshold': 10}}}]",general: ['HB'] warning: ['HB'] error: ['HB']
79,{'$oid': '61e152263a0e31036bddb083'},60ddc7da72033d00111f4be1-docker-log-zero-gachis-celery-master-stashed,"[{'filter': 'general', 'shape': 'random noisy data', 'models': {'HB': {'max_bins': 5, 'alpha': 0.5, 'max_points': 10080, 'warmup_period_in_number_of_points': 10080, 'time_to_reset': 10080, 'avg_level_alpha': 0.6000000000000001, 'avg_level_threshold': 10}, 'Skyline': {'alpha': 0.7000000000000001, 'median_absolute_deviation_threshold': 6, 'histogram_bins_min_points': 100, 'n_bins': 10, 'n_points': 5, 'max_history_time': 604800, 'threshold': 0.8}}}, {'filter': 'warning', 'shape': 'sparse data with no patterns', 'models': {'HB': {'max_bins': 5, 'alpha': 0.5, 'max_points': 10080, 'warmup_period_in_number_of_points': 10080, 'time_to_reset': 10080, 'avg_level_alpha': 0.6000000000000001, 'avg_level_threshold': 10}}}, {'filter': 'error', 'shape': 'sparse data with no patterns', 'models': {'HB': {'max_bins': 5, 'alpha': 0.5, 'max_points': 10080, 'warmup_period_in_number_of_points': 10080, 'time_to_reset': 10080, 'avg_level_alpha': 0.6000000000000001, 'avg_level_threshold': 10}}}]","general: ['HB', 'Skyline'] warning: ['HB'] error: ['HB']"
