Verb,Endpoint,i,Swagger plan,Description,Needs precision
GET,/admin/infrastructures,admin,group 1,Returns the list of infrastructures data from database,No
GET,/admin/:infrastructureId/incidentsReport/:incidentsReportFormat/:incidentsReportType,admin,group 1,Returns a report of incidents for an infrastructure in the asked format (csv/xlsx/json),No
GET,/admin/:infrastructureId/anomaliesReport/:anomaliesReportFormat/:anomaliesReportType/:anomaliesReportThreshold,admin,group 1,Returns a report of anomalies for an infrastructure in the asked format (csv/xlsx/json),No
GET,/admin/:infrastructureId/anomalyRegionsReport/:anomalyRegionsReportFormat/:anomalyRegionsReportType/:anomalyRegionsReportThreshold,admin,group 1,Returns a report of anomalies region for an infrastructure in the asked format (csv/xlsx/json,No
GET,/admin/:infrastructureId/feedbackReport/:feedbackReportFormat,admin,group 1,Returns a report of incident feedbacks for an infrastructure in the asked format (csv/xlsx/json),No
GET,/admin/:infrastructureId/groks/:ITComponentSubType/:ITComponentId,admin,group 1,"Returns a grok for a ITComponentId and a ITSubType given. If the grok is not find in database using the ITComponentId, returns the default grok get from the subtype.",No
POST,/admin/:infrastructureId/groks/:ITComponentSubType/:ITComponentId,admin,group 1,"Insert a grok in the database, given from body (ITComponentGroks) and from URL arguments ",No
GET,/health,health,group 1,Returns { status: 'OK' },No
GET,/ITComponent/issuesRootComponent,ITComponent,group 3,Return an ITComponent from the site 'DEMO site' (deprecated),No
GET,/ITComponent/hosts,ITComponent,group 3,Returns a list of ITComponents that are HOST fon an infrastructure,No
GET,/ITComponent/:ITComponentId,ITComponent,group 3,Returns an ITComponent with URLs for dashboards,No
GET,/ITComponent/component/:ITComponentId,ITComponent,group 3,Duplicate of /ITComponent/:ITComponentId,No
GET,/ITComponent/subtype/:ITComponentSubType,ITComponent,group 3,"Returns a list of components for an infra, where the subtype given in URL parameters matches. If the subtype is ""all"", returns all components for the infra. ",No
GET,/ITComponent/rootComponent/:infrastructureId,ITComponent,group 3,Returns the root component for an infrastructure (deprecated),Yes
GET,/menu,menu,group 1,"Returns the menu for Minima depending of the user's roles (admin, regular or demo), and generates part depending of if there is components / AWS / applications / services. Data is from Mongo",No
GET,/v2/menu,"menu, v2",group 1,"Returns the menu for Minima depending of the user's roles (admin, regular or demo), and generates part depending of if there is components / AWS / applications / services. Data is from DGraph",No
POST,/user/init,user,group 2,"Receives users information from body (email, name..), creates a new Infrastructure, insert a new user in database and returns it with infrastructure ID. Also do a post request to IncidentManager (/kafkaConsumer/infraID)",No
POST,/user/,user,group 2,"Receive user informations (email, username..) , post them to Accounts (post /user), and create user to database if doesn't exist",No
GET,/user/:userId,user,group 2,Get user from database using userID and returns email / id / infraID and name if it exists,No
PUT,/user/:userId,user,group 2,"Receives user information from body (email, name...), send put request to Accounts (put /user/:userid), update/create the user in database and returns it",No
PUT,/role/:roleName,role,group 2,"Use roleName parameter, and send request to Accounts service to add a new role. Request is allowed only if the current user is a 'regular'",No
DELETE,/role/:roleName,role,group 2,"Use roleName parameter, and send request to Accounts service to delete a given role. Request is allowed only if the current user is 'regular'",No
GET,/brokers,brokers,group 1,Returns the list of Kafka brokers defined in ENV variables,No
GET,/kafkaConsumer,kafkaConsumer,group 2,"Return all Kafka consumers ",No
GET,/kafkaConsumer/:infrastructureId,kafkaConsumer,group 2,Returns Kafka consumers for a given infrastructure,No
GET,/infrastructure/:infrastructureId/elk/stats,"elk, infrastructure",group 3,"Returns ELK stats (metrics and logs stats, number of documents and size) from Elasticsearch indices for an infrastructure ",No
GET,/infrastructure/:infrastructureId/grok,"grok, infrastructure",group 3,"Get all ITcomponents for an infra, set default groks if possible for components without groks and returns a list of groks for every components with groks (default and user set) ",No
GET,/infrastructure/:infrastructureId/grok/default,"grok, infrastructure",group 3,Returns the list of default groks (infraID not used),No
GET,/infrastructure/:infrastructureId/log,"infrastructure, log",group 3,"Search for logs on Elasticsearch for a time range given, search string and a given components, and returns an object with logs found and the number of logs ",No
GET,/infrastructure/:infrastructureId/ITComponentDataCheck,"ITComponentDataCheck, infrastructure",group 3,"Check if indices for Logs and metrics (ml and normal indexes) exists in Elasticsearch for every ITComponents activated in a given infrastructure, and returns the list of them.",No
GET,/infrastructure/:infrastructureId/ITComponentDataCheck/agent/:agentId,"ITComponentDataCheck, infrastructure",group 3,"Check if indices for Logs and metrics (ml and normal indexes) exists in Elasticsearch for every ITComponents activated for a given agent, and returns the list of them.",No
GET,/infrastructure/:infrastructureId/ITComponentDataCheck/ITComponent/:ITComponentId,"ITComponentDataCheck, infrastructure",group 3,"Check if indices for Logs and metrics (ml and normal indexes) exists in Elasticsearch for an ITComponents activated for a given ITComponentID, and returns the list of them.",No
GET,/infrastructure/:infrastructureId/activatedITComponent/,"activatedITComponent, infrastructure",group 3,"Returns the list of integrated components for an infrastructure, from mongo / database",No
GET,/infrastructure/:infrastructureId/activatedITComponent/agent/:agentId,"activatedITComponent, infrastructure",group 3,"Returns the list of integrated components for an agent, from mongo / database",No
POST,/infrastructure/:infrastructureId/agent,"agent, infrastructure",group 1,Registers a new agent in database for an infrastructure (UNSECURE),No
POST,/infrastructure/:infrastructureId/agent/register,"agent, infrastructure",group 1,"Registers a new agent in database for an infrastructure. Same as POST /, but infra token is required to use this route.",No
GET,/infrastructure/:infrastructureId/agent,"agent, infrastructure",group 1,Return a list of agent from database for a infrastructure given,No
GET,/infrastructure/:infrastructureId/agent/active,"agent, infrastructure",group 1,Return the list of agent actives (present in the current topology),No
GET,/infrastructure/:infrastructureId/agent/:agentId,"agent, infrastructure",group 1,Returns data from database for a given agentID,No
POST,/infrastructure/:infrastructureId/agent/:agentId,"agent, infrastructure",group 1,Update agent hostname and tags (from host object parameter) in database,No
DELETE,/infrastructure/:infrastructureId/agent/:agentId,"agent, infrastructure",group 1,"Delete an agent from database, remove indexes, empty S3 directory, and remove kafka topics",No
GET,/infrastructure/:infrastructureId/agent/:agentId/brokers,"agent, infrastructure",group 1,Get broker list from ENV. Duplicata of /brokers,No
GET,/infrastructure/:infrastructureId/agent/:agentId/health,"agent, infrastructure",group 1,"Update agent timestamp information from database, and returns if the agent must stop or not depending of if the agent exist in database or not.",No
POST,/infrastructure/:infrastructureId/kubernetes/query,"infrastructure, kubernetes",group 2,Receive DGraph query (works with DGraph clients) and forward it to the DGraph server defined in ENV variable. Works as a secured proxy for DGraph using infratoken,No
GET,infrastructure/:infrastructureId/kubernetes/topology/namespace/:namepsace,"infrastructure, kubernetes",group 2,Get Kubernetes topology filtered by namespace from DGraph,No
GET,/infrastructure/:infrastructureId/kubernetes/topology/deployment/:deployment,"infrastructure, kubernetes",group 2,Get Kubernetes topology filtered by deployments from DGraph,No
GET,/infrastructure/:infrastructureId/kubernetes/topology,"infrastructure, kubernetes",group 2,Get Kubernetes topology from DGraph,No
GET,/infrastructure/:infrastructureId/integration/default,"infrastructure, integration",group 2,"Get the list of default integration (for the default integration page on Minima) from database. If there is no saved default integrations, returns default values.",No
POST,/infrastructure/:infrastructureId/integration/default/:integration,"infrastructure, integration",group 2,"Set default integration options for a given integration name and for an infrastructure in database ",No
GET,/infrastructure/:infrastructureId/integration/:agentId,"infrastructure, integration",group 2,"Returns the list of all agent/host integrations and the flag integrationsStarted (true if the agent integration activation message was sent at least once)  ",Yes
GET,/infrastructure/:infrastructureId/integration/:ITComponentSubType/:ITComponentID,"infrastructure, integration",group 2,"Returns the list of KPI stored in database for a ITComponent, and returns the default or globalized value (for containers and others KPI) if the KPI is not defined in database, depending of if the global value is enabled.",No
POST,/infrastructure/:infrastructureId/integration/:ITComponentSubType/:ITComponentID,"infrastructure, integration",group 2,Save the list of KPI for a ITComponents and update related KPIs for globalized values if enabled.,No
POST,/infrastructure/:infrastructureId/integration/:agentId/errors,"infrastructure, integration",group 2,Receives a list of integration errors and insert them to database,No
POST,/infrastructure/:infrastructureId/integration/:agentId,"infrastructure, integration",group 2,"Receives a list of integrations, delete all integrations for a given agentID and insert the received ones instead to database. ",No
GET,/infrastructure/:infrastructureId/installer/kube-agent/configuration,"infrastructure, installer",group 2,"Returns a Kubernetes configuration in YAML format to install kube agent, generated for the infrastructure ",No
GET,/infrastructure/:infrastructureId/installer/agent/:filename,"infrastructure, installer",group 2,Returns a file (using filename as URL parameter) from S3 bucket for installation assets (scripts),No
GET,/infrastructure/:infrastructureId,infrastructure,group 2,"Returns the list of agents in database and the brokers for a given infra ",No
GET,/infrastructure/,infrastructure,group 2,Returns the list of infrastructures IDs and the Kafka brokers for each infra,No
DELETE,/infrastructure/:infrastructureId/kafkaTopics,infrastructure,group 2,"Deletes kafka topics, consumers, and Elasticsearch indexes for a whole infrastructure",No
GET,/infrastructure/:infrastructureId/token,infrastructure,group 2,"Returns a unique token for the infrastructure from the Mongo database. If the token has never been generated before, generate a new one, save it in database and returns it. Token is used for the agent in order to use Becky's secured routes.",No
GET,/infrastructure/:infrastructureId/roles,infrastructure,group 2,Returns the list of roles for an infrastructure using Accounts,No
GET,/infrastructure/:infrastructureId/users,infrastructure,group 2,Returns the list of users for an infrastructure using Accounts,No
PUT,/infrastructure/:infrastructureId/alerting,"alerting, infrastructure",group 1,"Register a new alerting rule on MongoDB ",No
POST,/infrastructure/:infrastructureId/alerting,"alerting, infrastructure",group 1,"Updates a already existing alerting rule on MongoDB, using body for getting arguments",No
GET,/infrastructure/:infrastructureId/alerting,"alerting, infrastructure",group 1,Returns the list of alerting rules on MongoDB for the given infrastructure,No
DELETE,/infrastructure/:infrastructureId/alerting,"alerting, infrastructure",group 1,Deletes an alerting rule from MongoDB with the given ID (in the body),No
GET,/infrastructure/:infrastructureId/AWS,"AWS, infrastructure",group 2,Returns the list of AWS integrations enabled and disabled for an infrastructure from MongoDB database,No
POST,/nfrastructure/:infrastructureId/AWS,"AWS, infrastructure",group 2,Enable and disable AWS integrations on the AWSservice depending of their status and update the AWS integrations in the MongoDB database,No
GET,/infrastructure/:infrastructureId/AWS/downloadLambdaFunction,"AWS, infrastructure",group 2,Generates and returns an AWS lambda function,No
GET,/infrastructure/:infrastructureId/topology,"infrastructure, topology",group 2,"Gets topology data from Mongo, and generates a topology for an infrastructure. Returns the list of inactive components, and the list of ITComponents",No
GET,/infrastructure/:infrastructureId/topology/:ITComponentId/correlation,"infrastructure, topology",group 2,"Gets the topology data from Mongo, generates the correlation topology for the targeted component (@Marin Radman check)",No
GET,/infrastructure/:infrastructureId/logAnomalyRating/:ITComponentId,"infrastructure, logAnomalyRating",group 2,"Get LogAnomaly data from Mongo, using a timestamp and a logAnomalyType as body arguments, and returns the list of LogAnomaly",No
POST,/infrastructure/:infrastructureId/logAnomalyRating/:ITComponentId,"infrastructure, logAnomalyRating",group 2,"Takes a list of logs in parameter, rating and the logAnomalyType, and insert multiple LogAnomalyRating in MongoDB",No
POST,/infrastructure/:infrastructureId/logAnomalyRating/:ITComponentId/feedback,"infrastructure, logAnomalyRating",group 2,Updates a LogAnomalyRating in MongoDB and insert a feedback (from the body parameters) (logAnomaly should be an ID in the URL and not a body parameter),No
GET,/infrastructure/:infrastructureId/anomalyRating/:ITComponentId,"anomalyRating, infrastructure",group 2,"Returns the AnomalyRating from MongoDB using anomalyType, componentId and timestamp",No
GET,/infrastructure/:infrastructureId/anomalyRating/:ITComponentId,"anomalyRating, infrastructure",group 2,"Update or Insert a AnomalyRating in MongoDB ",No
GET,/infrastructure/:infrastructureId/anomalyRating/:ITComponentId/feedback/:anomalyRatingId,"anomalyRating, infrastructure",group 2,Update an AnomalyRating with a feedback in MongoDB,No
GET,/infrastructure/:infrastructureId/anomaly/:ITComponentId/logs,"anomaly, infrastructure",group 3,"Retrieve AnomaliesDataPoint data from logs and from 14 last days using ITComponentID in MongoDB and returns the ITComponentID with ELK dashboards, Elasticsearch indexes and the list of datetimes from anomalies",No
GET,/infrastructure/:infrastructureId/anomaly/:ITComponentId/:ITComponentLogIndex/:timestamp,"anomaly, infrastructure",group 3,Retrieve ml log data from a targeted timestamp to the present time from Elasticsearch and returns the result,No
GET,/infrastructure/:infrastructureId/anomaly/:ITComponentId/:ITComponentLogsIndex/:timestamp/timespan,"anomaly, infrastructure",group 3,Retrieve log ml data for one day for a targeted timestamp from Elasticsearch and returns the result,Yes
GET,/infrastructure/:infrastructureId/anomaly/:ITComponentId/,"anomaly, infrastructure",group 3,"Retrieve AnomalyDataPoints from MongoDB for a given ITComponentId for the last 14 days (retention time), ",No
GET,/infrastructure/:infrastructureId/anomaly/:ITComponentId/:ITComponentMetricIndex/:timestamp,"anomaly, infrastructure",group 3,,No
GET,/infrastructure/:infrastructureId/anomaly/:ITComponentId/,"anomaly, infrastructure",group 3,,No
GET,/infrastructure/:infrastructureId/anomaly/:ITComponentId/,"anomaly, infrastructure",group 3,,No
GET,/infrastructure/:infrastructureId/anomaly/:ITComponentId/,"anomaly, infrastructure",group 3,,No
GET,/infrastructure/:infrastructureId/issue/paginated/:ITComponentId?,"infrastructure, issue",group 3,"Get issues list from MongoDB paginated, using start and lenght as parameters to get the next page and returns it.",No
GET,/infrastructure/:infrastructureId/issue/aknowledgement/:aknowledgement,"infrastructure, issue",group 3,"Returns all issues from MongoDB that has been marked as acknowledged or not (depending of the URL parameter) for the infrastructure. If the aknoweledgement parameter is equal to ""all"", returns every issue of the infrastructure.",No
GET,/infrastructure/:infrastructureId/issue/:issueId,"infrastructure, issue",group 3,Get data for issue from MongoDB and add metadata for the Root Cause Analysis page,Yes
GET,/infrastructure/:infrastructureId/issue/:issueId/correlation,"infrastructure, issue",group 3,"Gets the topology data from Mongo, generates the correlation topology for the KPI component of the issue (@Marin Radman check)",No
GET,/infrastructure/:infrastructureId/issue/:issueId/aknowledgement,"infrastructure, issue",group 3,"Return all issues related to the given ITComponentId, depending of the aknowledgement is equal to 'aknowledged' or not. If the value is equal to 'all', returns every issues related to the componentID ",No
GET,/infrastructure/:infrastructureId/issue/subType/:ITComponentSubType,"infrastructure, issue",group 3,"Return all issues related to the given subtype in the URL. If the subtype is equal to 'all', return every issues. Returns multiple data for every field, including the number of issues / aknowledgde issues / unaknowledgeissues, the latest issues and its KPI",No
POST,/infrastructure/:infrastructureId/issue/:issueId/ITComponent/:ITComponentId/KPIRating,"infrastructure, issue",group 3,"Insert or update a IssueRating document in MongoDB, with the provided rating",No
POST,/infrastructure/:infrastructureId/issue/:issueId/ITComponent/:ITComponentId/KPIFeedback,"infrastructure, issue",group 3,"Insert or update a IssueRating document in MongoDB, with the provided feedback",No
POST,/infrastructure/:infrastructureId/issue/:issueId/ITComponent/:ITComponentId/rootCauseFeedback,"infrastructure, issue",group 3,"Insert or update a IssueRating document in MongoDB, and sets the rootCauseFeedback field in the document the provided Feedback",No
POST,Copy of /infrastructure/:infrastructureId/issue/:issueId,"infrastructure, issue",group 3,"Insert or update a IssueRating document in MongoDB, and sets the rootCauseRating field in the document the provided Rating",No
,,,,,No