startDate,componentID,suggested label,duration,metric,SIRE_metrics,Comment,cpu_min_norm_pct,cpu_max_norm_pct,memory_min_pct,memory_max_pct,disk_time_min_s,disk_time_max_s,count_anomalies,count_affectedITComponentIds,start,issue_id,cluster,description,count_anomaly_regions,max_relevance_score,avg_relevance_score
"January 30, 2022 8:17 AM (GMT)",mysqlc65d1f2cd07cc218,critical,120,mysql#status#threads#connected-no_subject,"mysql#status#aborted#clients, mysql#status#open#files, mysql#status#threads#connected","Multiple SIRE regions, aborted clients, change in open files and threads connected",,,,,,,3,1,1643530640000,61f649dab4c4265f19ad15a9,2,"medium affected components rate, medium anomaly rate, medium duration",3,0.84,0.79
"February 11, 2022 3:12 PM (GMT)",linux60b8d8abaeb6f802698917b1,critical,180,system#memory#actual#used#pct-no_subject,"system#cpu#idle#norm#pct, system#cpu#system#norm#pct, system#cpu#total#norm#pct, system#cpu#total#pct, system#cpu#user#norm#pct, system#memory#actual#used#pct","system cpu user norm pct: 0.24 (jumped from 0.03 and remained at that level for 20 minutes), system memory actual used pct: 0.14 → 0.145 but both covered with SIRE regions",0.03,0.24,0.14,0.145,,,4,1,1644592350000,62067d3447b6b62363dc05d9,2,"medium affected components rate, medium anomaly rate, medium duration",6,0.8,0.75
"January 30, 2022 5:35 AM (GMT)",packetaipacketai_packetai-agent,warning,120,docker#diskio#summary#wait_time-no_subject,"docker#diskio#read#service_time, docker#diskio#read#wait_time, docker#diskio#summary#service_time, docker#diskio#summary#wait_time, docker#diskio#write#service_time, docker#diskio#write#wait_time",docker diskio summary service_time: 60s → 69s and multiple disk-related anomalies,,,,,60,69,10,1,1643520920000,61f623f5b4c426413bad14d4,2,"medium affected components rate, medium anomaly rate, medium duration",6,0.87,0.78
"January 31, 2022 3:06 AM (GMT)",pythonbackup_dockup-master,warning,180,docker#diskio#write#wait_time-no_subject,"docker#diskio#read#service_time, docker#diskio#summary#service_time, docker#diskio#summary#wait_time, docker#diskio#write#service_time, docker#diskio#write#wait_time",Probably a scheduled work and should be ignored,,,,,,,11,1,1643598390000,61f752f4b4c4263626ad167c,2,"medium affected components rate, medium anomaly rate, medium duration",5,0.99,0.94
"January 30, 2022 5:35 AM (GMT)",pythonbackup_dockup-master,warning,180,docker#memory#rss#total-no_subject,"docker#cpu#system#pct, docker#diskio#read#service_time, docker#diskio#read#wait_time, docker#diskio#summary#ops, docker#diskio#summary#service_time, docker#diskio#summary#wait_time, docker#memory#usage#pct","docker memory usage pct: 0.4 → 0, docker memory rss pct: 0 → 0.1
Should be a warning since there is a complete shutdown. Probably a scheduled work and should be ignored",,,0,0.4,,,29,1,1643520930000,61f62407b4c426f90cad14dd,2,"medium affected components rate, medium anomaly rate, medium duration",7,0.93,0.87
"January 31, 2022 3:00 AM (GMT)",pythonbackup_dockup-master,warning,120,docker#memory#rss#total-no_subject,,Probably a scheduled work and should be ignored,,,,,,,4,1,1643598030000,61f7511eb4c42602bcad166e,2,"medium affected components rate, medium anomaly rate, medium duration",0,0,0
"January 30, 2022 8:15 AM (GMT)",mysql_router,warning,40,docker#memory#rss#total-no_subject,"docker#diskio#read#service_time, docker#diskio#read#wait_time, docker#diskio#summary#ops, docker#diskio#summary#service_time, docker#diskio#summary#wait_time, docker#diskio#write#service_time, docker#diskio#write#wait_time, docker#memory#rss#pct, docker#memory#usage#total","docker diskio write service_time: 1.4s → 0,000399s",,,,,1.4,0.000399,2,2,1643530520000,61f6497cb4c42679dcad159e,0,"low affected components rate, low anomaly rate, short duration",9,0.81,0.74
"February 8, 2022 5:38 PM (GMT)",pythonkoios_koios-tasks,warning,80,docker#memory#usage#pct-no_subject,"docker#cpu#total#norm#pct, docker#cpu#total#pct","docker cpu total norm pct: 0 → 0.2, docker cpu total pct: 0 → 0.83",0,0.2,,,,,8,2,1644341890000,6202aad3b4c426581aad6f41,0,"low affected components rate, low anomaly rate, short duration",2,0.72,0.72
"February 15, 2022 10:51 AM (GMT)",linux61c314eaa137b10130daf2b3,warning,300,docker#memory#usage#total-no_subject,,We have negative logs about CPU: Feb 15 10:50:23 docker-fine-hawk systemd[1]: docker-1f7ff4b4c5c5835fef830ecd444e7bf233065119db3dd46e1766e7cb81508fb9.scope: Consumed 9min 19.007s CPU time,,,,,,,7,5,1644922260000,620b870347b6b639d8dc44d1,2,"medium affected components rate, medium anomaly rate, medium duration",0,0,0
"February 3, 2022 1:01 PM (GMT)",nodecollector-api_collector-api,warning,180,docker#memory#usage#total-no_subject,,"docker cpu total norm pct: 0.01 → 0.17, docker cpu total pct: 0.04 → 0.69, docker cpu user norm pct: 0.01 → 0.17, docker cpu user pct: 0.05 → 0.67, docker memory usage pct: 0.25 → 0.36, docker memory usage total: 7.3Mb - 13Mb (absolute value change)",0.01,0.17,0.25,0.36,,,6,1,1643893280000,61fbd278b4c42660c6ad27c7,2,"medium affected components rate, medium anomaly rate, medium duration",0,0,0
"February 3, 2022 2:49 AM (GMT)",nodehyperion_server,warning,60,docker#memory#usage#total-no_subject,docker#cpu#kernel#pct,"docker cpu total norm pct: 0.04 → 0.16, docker cpu user norm pct: 0.04 → 0.09, docker memory usage pct: 0.2 → 0.01",0.04,0.16,0.2,0.01,,,6,1,1643856590000,61fb4323b4c426a40ead260c,0,"low affected components rate, low anomaly rate, short duration",1,0.74,0.74
"February 3, 2022 1:38 PM (GMT)",nodecollector-api_collector-api,warning,0,docker#memory#usage#total-no_subject,"docker#memory#usage#pct, docker#memory#usage#total",docker memory usage pct: 0.25 → 0.35,,,0.25,0.35,,,1,1,1643895500000,61fbdb26b4c426a5e3ad281c,0,"low affected components rate, low anomaly rate, short duration",2,0.8,0.76
"January 31, 2022 11:51 AM (GMT)",nodereservations-service_reservations-service,warning,250,system#diskio#iostat#busy-sda,,"docker memory usage total: 30Mb, docker memory usage pct: 0.15 → 0.29",,,0.15,0.29,,,8,2,1643629910000,61f7ce2fb4c4267399ad16b5,2,"medium affected components rate, medium anomaly rate, medium duration",0,0,0
"January 28, 2022 12:57 PM (GMT)",linux609bdf19b677860011c6e30e,warning,0,system#memory#actual#used#pct-no_subject,"system#load#norm#15, system#load#norm#5","system load norm 5: 0 → 34.8, system load norm 15: 0 → 32, system memory actual used pct: 0.3 → 0.5",,,0.3,0.5,,,1,1,1643374660000,61f3e895b4c42643dead1488,0,"low affected components rate, low anomaly rate, short duration",2,0.78,0.77
"February 15, 2022 7:50 AM (GMT)",packetaipacketai_packetai-agent,info,180,docker#diskio#read#service_time-no_subject,"docker#diskio#read#service_time, docker#diskio#read#wait_time","Insignificant increase in docker diskio read service_time: 0,174s → 0,1743s",,,,,0.174,0.1745,7,1,1644911420000,620b5bf947b6b67fb9dc4207,2,"medium affected components rate, medium anomaly rate, medium duration",2,0.77,0.76
"February 7, 2022 5:07 PM (GMT)",portainer_agent,info,180,docker#diskio#read#wait_time-no_subject,"docker#memory#usage#total, docker#network#in#packets, docker#network#out#packets","docker cpu total norm pct: 0.003 → 0.0075, docker cpu user norm pct: 0.007, docker diskio read service_time: 0 → 54000ns,  ",,,0.003,0.0075,0,0.00005,18,1,1644253640000,62015290b4c4266dc1ad56b3,2,"medium affected components rate, medium anomaly rate, medium duration",3,0.89,0.78
"February 16, 2022 8:30 AM (GMT)",nodereservations-service_reservations-service,info,0,docker#memory#rss#total-no_subject,,,,,,,,,2,1,1645000210000,620cb65b47b6b6614adc5b70,0,"low affected components rate, low anomaly rate, short duration",0,0,0
"January 10, 2022 4:01 PM (GMT)",dockerc4de29f95db066cf,info,60,docker#memory#usage#pct,,,,,,,,,5,1,1641830460000,61dc58c2f2b9163c51d0e732,0,"low affected components rate, low anomaly rate, short duration",0,0,0
"February 15, 2022 2:11 PM (GMT)",rubylogs_fluentd,info,460,docker#memory#usage#pct-no_subject,docker#cpu#kernel#norm#pct,"docker cpu kernel norm pct: 0.00075, docker cpu kernel pct: 0.003, docker network out bytes: 240. We have warning anomalies in logs but regarding metric data - info level",0.00009,0.0009,,,,,34,12,1644934280000,620bb5c747b6b6a7ffdc487c,1,"high affected components rate, high anomaly rate, long duration",1,0.75,0.75
"February 16, 2022 12:01 PM (GMT)",nodesite-service_site-service,info,420,docker#memory#usage#pct-no_subject,,nodesite-service_site-service: 3Mb but docker memory usage pct: 0.3 → 0.31 (1% increase),,,0.3,0.31,,,5,2,1645012880000,620ce90147b6b6757bdc5f9f,2,"medium affected components rate, medium anomaly rate, medium duration",0,0,0
"January 30, 2022 6:20 AM (GMT)",apachegaia_worker,info,200,docker#memory#usage#pct-no_subject,,Low memory pct usage: docker memory usage pct: 0.004,,,0.004,0.0045,,,4,1,1643523600000,61f62ebab4c42618f3ad1574,2,"medium affected components rate, medium anomaly rate, medium duration",0,0,0
"February 15, 2022 5:46 AM (GMT)",nodedisplay_front,info,180,docker#memory#usage#pct-no_subject,docker#memory#usage#pct,docker memory usage pct: 0.11 → 0.09,,,0.09,0.11,,,4,1,1644903980000,620b3e7647b6b6d712dc404d,2,"medium affected components rate, medium anomaly rate, medium duration",1,0.78,0.78
"February 13, 2022 9:35 PM (GMT)",apachegaia_worker,info,180,docker#memory#usage#pct-no_subject,docker#memory#usage#total,"Low memory usage docker memory usage pct: 0.0042, docker memory usage total: 175104",0.0042,0.0045,,,,,4,1,1644788120000,620979e747b6b623badc2834,2,"medium affected components rate, medium anomaly rate, medium duration",1,0.77,0.77
"February 8, 2022 5:38 PM (GMT)",rediskoios_redis_cache,info,120,docker#memory#usage#pct-no_subject,docker#memory#usage#pct,docker memory usage pct: 0.02 → 0.01,,,0.01,0.02,,,4,1,1644341900000,6202aaf5b4c426ee65ad6f43,2,"medium affected components rate, medium anomaly rate, medium duration",1,0.75,0.75
"February 14, 2022 1:36 AM (GMT)",docker284906e19275b376,info,120,docker#memory#usage#pct-no_subject,,docker memory usage pct: 0.156 but insignificant drop 0.002% (from  0.157 to 0.155),,,0.155,0.157,,,3,1,1644802580000,6209b25d47b6b6d0dddc2ae2,2,"medium affected components rate, medium anomaly rate, medium duration",0,0,0
"January 30, 2022 9:19 AM (GMT)",nodesensinglabs-mqtt_sensinglabs-mqtt,info,100,docker#memory#usage#pct-no_subject,,"docker memory usage pct: 0.12 → 0.11, docker network in bytes: 24",,,0.11,0.12,,,3,2,1643534360000,61f65873b4c4263f4fad15fb,0,"low affected components rate, low anomaly rate, short duration",0,0,0
"February 15, 2022 9:16 AM (GMT)",docker0c378919b6794abe,info,90,docker#memory#usage#pct-no_subject,,docker memory usage pct: 0.14 → 0.19,,,0.14,0.19,,,2,2,1644916580000,620b6fb347b6b6dceadc4346,0,"low affected components rate, low anomaly rate, short duration",0,0,0
"February 2, 2022 10:36 AM (GMT)",nodezoho_zoho-service,info,60,docker#memory#usage#pct-no_subject,docker#memory#usage#pct,docker memory usage pct: 0.006 → 0.005,,,0.005,0.006,,,2,1,1643798180000,61fa5ef4b4c426e37aad20f2,0,"low affected components rate, low anomaly rate, short duration",1,0.79,0.79
"February 3, 2022 9:00 AM (GMT)",nodecollector-api_collector-api,info,60,docker#memory#usage#pct-no_subject,docker#cpu#user#pct,"docker cpu user norm pct: 0.01 → 0.14, docker memory usage pct: 0.25 → 0.28, docker cpu total norm pct: 0 → 0.15",0.01,0.15,0.25,0.28,,,9,1,1643878820000,61fb9a37b4c4265242ad2696,0,"low affected components rate, low anomaly rate, short duration",1,0.71,0.71
"January 30, 2022 8:10 AM (GMT)",apachegaia_scripts,info,30,docker#memory#usage#pct-no_subject,,,,,,,,,2,2,1643530230000,61f64854b4c4266417ad158f,0,"low affected components rate, low anomaly rate, short duration",0,0,0
"January 30, 2022 5:35 AM (GMT)",consul_consul-server,info,0,docker#memory#usage#pct-no_subject,"docker#diskio#read#service_time, docker#diskio#read#wait_time, docker#diskio#summary#wait_time, docker#diskio#write#wait_time",docker memory usage pct: 0.004 → 0.005,,,0.004,0.005,,,1,1,1643520920000,61f623f2b4c42680c0ad14cd,0,"low affected components rate, low anomaly rate, short duration",4,0.8,0.79
"February 2, 2022 11:21 AM (GMT)",apachegaia_scripts,info,0,docker#memory#usage#pct-no_subject,"docker#cpu#kernel#norm#pct, docker#cpu#kernel#pct, docker#cpu#total#norm#pct, docker#cpu#total#pct",docker memory usage pct: 0.004 → 0.006,,,0.004,0.005,,,1,1,1643800890000,61fa699eb4c4269671ad2119,0,"low affected components rate, low anomaly rate, short duration",4,0.79,0.76
"February 8, 2022 7:51 PM (GMT)",dockerf6573bb0c5ec947a,info,0,docker#memory#usage#pct-no_subject,,,,,,,,,1,1,1644349880000,6202ca15b4c4267dbcad71f6,0,"low affected components rate, low anomaly rate, short duration",0,0,0
"February 15, 2022 12:25 PM (GMT)",dockerf6573bb0c5ec947a,info,0,docker#memory#usage#pct-no_subject,,,,,,,,,2,1,1644927920000,620b9c0947b6b652aedc4636,0,"low affected components rate, low anomaly rate, short duration",0,0,0
"February 1, 2022 11:46 AM (GMT)",nodealerts_alerts-service,info,0,docker#memory#usage#pct-no_subject,,,,,,,,,1,1,1643715980000,61f91dd7b4c426ecefad17a9,0,"low affected components rate, low anomaly rate, short duration",0,0,0
"February 16, 2022 9:29 AM (GMT)",docker0d65f55d58158080,info,0,docker#memory#usage#pct-no_subject,,,,,,,,,1,1,1645003760000,620cc43447b6b660d1dc5c7c,0,"low affected components rate, low anomaly rate, short duration",0,0,0
"January 31, 2022 9:29 AM (GMT)",nginxappsmith_appsmith-nginx,info,0,docker#memory#usage#pct-no_subject,,,,,,,,,1,1,1643621380000,61f7ac6cb4c4262182ad16a6,0,"low affected components rate, low anomaly rate, short duration",0,0,0
"February 12, 2022 12:33 PM (GMT)",dockerf6573bb0c5ec947a,info,0,docker#memory#usage#pct-no_subject,,,,,,,,,1,1,1644669200000,6207a95f47b6b61c35dc1305,0,"low affected components rate, low anomaly rate, short duration",0,0,0
"January 28, 2022 3:50 PM (GMT)",nodesensor-service_sensor-service,info,0,docker#memory#usage#pct-no_subject,,,,,,,,,1,1,1643385020000,61f4111bb4c4262acfad149c,0,"low affected components rate, low anomaly rate, short duration",0,0,0
"February 2, 2022 2:19 PM (GMT)",docker3a2cf72a0bb55026,info,0,docker#memory#usage#pct-no_subject,,,,,,,,,1,1,1643811590000,61fa9351b4c426975fad2202,0,"low affected components rate, low anomaly rate, short duration",0,0,0
"January 10, 2022 2:00 PM (GMT)",nodewebapi_webapi-server,info,0,docker#memory#usage#total,docker#memory#usage#pct,docker memory usage pct: 0.13 → 0.8,,,0.07,0.13,,,1,1,1641823230000,61dc3c53f2b9169566d0e70d,0,"low affected components rate, low anomaly rate, short duration",1,0.73,0.73
"February 16, 2022 11:15 AM (GMT)",redisweblate_cache,info,310,docker#memory#usage#total-no_subject,,docker memory usage total: 16000 . We have correlated network anomalies but they vary in 7555 bytes max,,,0.002,0.003,,,14,10,1645010120000,620cdda347b6b65773dc5e8a,1,"high affected components rate, high anomaly rate, long duration",0,0,0
"February 15, 2022 2:04 PM (GMT)",portainer_agent,info,300,docker#memory#usage#total-no_subject,,docker memory usage pct: 0.0024,,,0.0021,0.0024,,,43,11,1644933860000,620bb38647b6b60569dc47f8,1,"high affected components rate, high anomaly rate, long duration",0,0,0
"February 16, 2022 12:00 PM (GMT)",nodesite-service_site-service,info,60,docker#memory#usage#total-no_subject,,,,,,,,,3,1,1645012820000,620ce7b747b6b69c09dc5f74,0,"low affected components rate, low anomaly rate, short duration",0,0,0
"February 13, 2022 5:27 AM (GMT)",dockerc4de29f95db066cf,info,60,docker#memory#usage#total-no_subject,,,,,,,,,4,2,1644730050000,6208972047b6b65e6bdc1de4,0,"low affected components rate, low anomaly rate, short duration",0,0,0
"February 8, 2022 5:29 PM (GMT)",linux61c35323a137b10130daf3ad,info,20,docker#memory#usage#total-no_subject,,,,,,,,,2,2,1644341340000,6202a8bfb4c426484aad6efc,0,"low affected components rate, low anomaly rate, short duration",0,0,0
"January 30, 2022 8:11 AM (GMT)",dockerb26a25a8b4b3a99a,info,0,docker#memory#usage#total-no_subject,docker#memory#usage#pct,docker memory usage pct: 0.17 → 0.22,,,0.17,0.22,,,1,1,1643530280000,61f64873b4c426e5f6ad1591,0,"low affected components rate, low anomaly rate, short duration",1,0.72,0.72
"February 4, 2022 2:51 PM (GMT)",nodewebapi_webapi-server,info,0,docker#memory#usage#total-no_subject,,,,,,,,,1,1,1643986290000,61fd3dcbb4c426ed8dad2f91,0,"low affected components rate, low anomaly rate, short duration",0,0,0
"January 30, 2022 5:36 AM (GMT)",nodesensinglabs-mqtt_sensinglabs-mqtt,info,0,docker#memory#usage#total-no_subject,,,,,,,,,1,1,1643520980000,61f6242cb4c4263feaad14e3,0,"low affected components rate, low anomaly rate, short duration",0,0,0
"February 16, 2022 4:06 PM (GMT)",koios_koios-api,info,0,docker#memory#usage#total-no_subject,,,,,,,,,1,1,1645027600000,620d215a47b6b656e2dc64e5,0,"low affected components rate, low anomaly rate, short duration",0,0,0
"February 13, 2022 7:36 PM (GMT)",redisweblate_cache,info,0,docker#memory#usage#total-no_subject,,,,,,,,,1,1,1644780980000,62095e0347b6b6588ddc26f7,0,"low affected components rate, low anomaly rate, short duration",0,0,0
"February 14, 2022 7:58 PM (GMT)",docker0d65f55d58158080,info,0,docker#memory#usage#total-no_subject,,,,,,,,,1,1,1644868700000,620ab4ab47b6b643f3dc3894,0,"low affected components rate, low anomaly rate, short duration",0,0,0
"February 14, 2022 8:18 PM (GMT)",dockerb26a25a8b4b3a99a,info,0,docker#memory#usage#total-no_subject,,,,,,,,,1,1,1644869900000,620ab96547b6b667fbdc38e2,0,"low affected components rate, low anomaly rate, short duration",0,0,0
"January 31, 2022 11:51 AM (GMT)",nodereservations-service_reservations-service,info,0,docker#memory#usage#total-no_subject,,,,,,,,,1,1,1643629910000,61f7cdaab4c426b0efad16b3,0,"low affected components rate, low anomaly rate, short duration",0,0,0
"February 6, 2022 6:45 AM (GMT)",redisweblate_cache,info,0,docker#memory#usage#total-no_subject,,,,,,,,,1,1,1644129920000,61ff6ecfb4c426e2ddad4189,0,"low affected components rate, low anomaly rate, short duration",0,0,0
"January 30, 2022 5:35 AM (GMT)",docker284906e19275b376,info,0,docker#memory#usage#total-no_subject,,,,,,,,,1,1,1643520920000,61f623e4b4c426261ead14c5,0,"low affected components rate, low anomaly rate, short duration",0,0,0
"February 16, 2022 10:48 PM (GMT)",mysql_router,info,0,docker#memory#usage#total-no_subject,,,,,,,,,1,1,1645051700000,620d7f9247b6b692ccdc6d18,0,"low affected components rate, low anomaly rate, short duration",0,0,0
"February 4, 2022 10:46 AM (GMT)",nodewebapi_webapi-server,info,0,docker#memory#usage#total-no_subject,,,,,,,,,1,1,1643971590000,61fd0460b4c426dbf6ad2e36,0,"low affected components rate, low anomaly rate, short duration",0,0,0
"February 1, 2022 11:40 PM (GMT)",dockerb9239256b97f09a3,info,0,docker#memory#usage#total-no_subject,,,,,,,,,1,1,1643758820000,61f9c538b4c4262211ad1c78,0,"low affected components rate, low anomaly rate, short duration",0,0,0
"February 14, 2022 11:18 PM (GMT)",dockerb26a25a8b4b3a99a,info,0,docker#memory#usage#total-no_subject,,,,,,,,,1,1,1644880700000,620ae38a47b6b62e9ddc3b3b,0,"low affected components rate, low anomaly rate, short duration",0,0,0
"February 14, 2022 9:18 PM (GMT)",dockerb26a25a8b4b3a99a,info,0,docker#memory#usage#total-no_subject,,,,,,,,,1,1,1644873500000,620ac77a47b6b611a0dc39a4,0,"low affected components rate, low anomaly rate, short duration",0,0,0
"February 1, 2022 10:26 AM (GMT)",docker3a2cf72a0bb55026,info,0,docker#memory#usage#total-no_subject,,,,,,,,,1,1,1643711210000,61f90b44b4c4266e7aad1771,0,"low affected components rate, low anomaly rate, short duration",0,0,0
"February 14, 2022 10:58 PM (GMT)",docker0d65f55d58158080,info,0,docker#memory#usage#total-no_subject,,,,,,,,,1,1,1644879500000,620adeda47b6b6d2d7dc3b00,0,"low affected components rate, low anomaly rate, short duration",0,0,0
"January 31, 2022 4:59 PM (GMT)",docker3a2cf72a0bb55026,info,0,docker#memory#usage#total-no_subject,,,,,,,,,1,1,1643648390000,61f815eab4c4267380ad16f1,0,"low affected components rate, low anomaly rate, short duration",0,0,0
"February 15, 2022 1:18 PM (GMT)",dockerb26a25a8b4b3a99a,info,0,docker#memory#usage#total-no_subject,,,,,,,,,1,1,1644931100000,620ba87547b6b61161dc471d,0,"low affected components rate, low anomaly rate, short duration",0,0,0
"February 1, 2022 12:31 PM (GMT)",nodealerts_alerts-service,info,0,docker#memory#usage#total-no_subject,,,,,,,,,2,1,1643718680000,61f92872b4c426ad33ad17d8,0,"low affected components rate, low anomaly rate, short duration",0,0,0
"February 10, 2022 11:20 PM (GMT)",monitoring_blackbox-exporter,info,0,docker#memory#usage#total-no_subject,,,,,,,,,1,1,1644535230000,62059e1247b6b68507dbfd82,0,"low affected components rate, low anomaly rate, short duration",0,0,0
"February 15, 2022 6:00 AM (GMT)",nodesensinglabs-mqtt_sensinglabs-mqtt,info,0,docker#memory#usage#total-no_subject,,,,,,,,,1,1,1644904820000,620b41c947b6b69d69dc408f,0,"low affected components rate, low anomaly rate, short duration",0,0,0
"January 29, 2022 1:23 AM (GMT)",redisweblate_cache,info,0,docker#memory#usage#total-no_subject,,,,,,,,,1,1,1643419400000,61f49752b4c4263a01ad14ad,0,"low affected components rate, low anomaly rate, short duration",0,0,0
"February 14, 2022 9:58 PM (GMT)",docker0d65f55d58158080,info,0,docker#memory#usage#total-no_subject,,,,,,,,,1,1,1644875900000,620ad0cb47b6b66adadc3a2b,0,"low affected components rate, low anomaly rate, short duration",0,0,0
"February 14, 2022 8:58 PM (GMT)",docker0d65f55d58158080,info,0,docker#memory#usage#total-no_subject,,,,,,,,,1,1,1644872300000,620ac2c947b6b63347dc3969,0,"low affected components rate, low anomaly rate, short duration",0,0,0
"February 4, 2022 12:31 PM (GMT)",nodewebapi_webapi-server,info,0,docker#memory#usage#total-no_subject,,,,,,,,,1,1,1643977890000,61fd1cfbb4c4262510ad2eac,0,"low affected components rate, low anomaly rate, short duration",0,0,0
"February 14, 2022 10:18 PM (GMT)",dockerb26a25a8b4b3a99a,info,0,docker#memory#usage#total-no_subject,,,,,,,,,1,1,1644877100000,620ad57a47b6b652aadc3a79,0,"low affected components rate, low anomaly rate, short duration",0,0,0
"January 10, 2022 2:05 PM (GMT)",linux61c20ad4946cf90125d07642,info,0,system#cpu#system#norm#pct,,,,,,,,,1,1,1641823540000,61dc3d97f2b916486dd0e710,0,"low affected components rate, low anomaly rate, short duration",0,0,0
"February 15, 2022 4:54 PM (GMT)",linux61c1fcc7946cf90125d075e8,info,240,system#cpu#system#norm#pct-no_subject,,system cpu system norm pct: 0.05 → 0.08,0.05,0.08,,,,,9,6,1644944060000,620bdb3e47b6b609e7dc4b89,2,"medium affected components rate, medium anomaly rate, medium duration",0,0,0
"February 15, 2022 5:08 PM (GMT)",linux61c32232a137b10130daf2e1,info,60,system#cpu#system#norm#pct-no_subject,,,,,,,,,5,4,1644944880000,620bde5047b6b65435dc4bc9,0,"low affected components rate, low anomaly rate, short duration",0,0,0
"February 2, 2022 11:24 AM (GMT)",linux61c32232a137b10130daf2e1,info,20,system#cpu#system#norm#pct-no_subject,,,,,,,,,2,2,1643801070000,61fa6a41b4c426be56ad212a,0,"low affected components rate, low anomaly rate, short duration",0,0,0
"February 8, 2022 5:29 PM (GMT)",linux61c1fcc7946cf90125d075e8,info,20,system#cpu#system#norm#pct-no_subject,,,,,,,,,2,1,1644341340000,6202a8c6b4c426ddf9ad6f00,0,"low affected components rate, low anomaly rate, short duration",0,0,0
"February 14, 2022 5:33 PM (GMT)",linux604b83a14c58ea0011d6220f,info,0,system#cpu#system#norm#pct-no_subject,,,,,,,,,4,1,1644860000000,620a92a547b6b6713bdc369f,0,"low affected components rate, low anomaly rate, short duration",0,0,0
"February 15, 2022 11:17 AM (GMT)",linux61c1cf78946cf90125d0753e,info,0,system#cpu#total#norm#pct-no_subject,,,,,,,,,4,1,1644923850000,620b8c1f47b6b6fcf8dc452b,0,"low affected components rate, low anomaly rate, short duration",0,0,0
"February 7, 2022 2:01 PM (GMT)",linux60fec238da00c500125f4314,info,0,system#cpu#total#norm#pct-no_subject,,,,,,,,,4,1,1644242480000,6201268bb4c426c4a4ad53ad,0,"low affected components rate, low anomaly rate, short duration",0,0,0
"February 7, 2022 2:32 PM (GMT)",linux61c20ad4946cf90125d07642,info,0,system#cpu#total#norm#pct-no_subject,,,,,,,,,4,1,1644244370000,62012ddab4c426475cad5447,0,"low affected components rate, low anomaly rate, short duration",0,0,0
"February 8, 2022 4:32 PM (GMT)",nginxappsmith_appsmith-nginx,info,10,system#cpu#user#norm#pct-no_subject,,,,,,,,,3,2,1644337960000,62029b96b4c426ac10ad6dc7,0,"low affected components rate, low anomaly rate, short duration",0,0,0
"February 2, 2022 11:22 AM (GMT)",linux608ac1c48e4afc0040b43d19,info,60,system#diskio#iostat#busy-sda1,,,,,,,,,4,1,1643800940000,61fa69cdb4c4260f18ad2120,0,"low affected components rate, low anomaly rate, short duration",0,0,0
"February 16, 2022 2:36 PM (GMT)",linux61c32232a137b10130daf2e1,info,0,system#diskio#iostat#busy-sda1,,,,,,,,,2,1,1645022190000,620d0c3447b6b618e3dc62d1,0,"low affected components rate, low anomaly rate, short duration",0,0,0
"February 16, 2022 9:17 PM (GMT)",linux609bdef1b677860011c6e30d,info,0,system#diskio#iostat#busy-sda1,,,,,,,,,2,1,1645046240000,620d6a3f47b6b631f9dc6b43,0,"low affected components rate, low anomaly rate, short duration",0,0,0
"February 2, 2022 11:22 AM (GMT)",linux604b83a14c58ea0011d6220f,info,0,system#diskio#iostat#busy-sda1,,,,,,,,,2,1,1643800940000,61fa69cfb4c4260b52ad2124,0,"low affected components rate, low anomaly rate, short duration",0,0,0
"February 9, 2022 6:18 PM (GMT)",linux609bde4db677860011c6e30b,info,60,system#diskio#iostat#busy-vda1,,,,,,,,,4,1,1644430690000,6204043947b6b61e87dbf6f0,0,"low affected components rate, low anomaly rate, short duration",0,0,0
"February 11, 2022 7:32 AM (GMT)",linux609bde4db677860011c6e30b,info,0,system#diskio#iostat#busy-vda1,,,,,,,,,3,1,1644564730000,62060fd247b6b652eddc0169,0,"low affected components rate, low anomaly rate, short duration",0,0,0
"January 10, 2022 4:58 PM (GMT)",linux60b8d8abaeb6f802698917b1,info,0,system#memory#actual#used#pct,,,,,,,,,1,1,1641833910000,61dc6606f2b916284fd0e743,0,"low affected components rate, low anomaly rate, short duration",0,0,0
"February 10, 2022 6:50 AM (GMT)",linux609bdf19b677860011c6e30e,info,60,system#memory#actual#used#pct-no_subject,,,,,,,,,2,1,1644475810000,6204b60147b6b6c9bfdbf70a,0,"low affected components rate, low anomaly rate, short duration",0,0,0