ITComponentId,__v,_id,anomalyTimestamp,metric,feedback,infrastructure,issue,rootCauseAnomalyTimestamp,rootCauseAnomalyType,rootCauseFeedback,rootCauseSignificant,significant,updatedAt,count_affectedITComponentIds,count_anomalies,count_correlatedITComponentIds,count_masterTopologyComponents,duration,issue_id,is_positive_feedback,component_type,metric_no_subject,absolute_delta,scaled_absolute_delta
apachegaia_scripts,0,61af5de19180fc161a67d8d2,1638881630000,docker#memory#rss#total-no_subject,Not an anomaly,6040a96cdcc614001153fc55,61af59b0af0b5f78aade0436,1638881630000,docker#memory#rss#total-no_subject,,No,No,"December 7, 2021 1:13 PM (GMT)",1,1,4,6248,0,61af59b0af0b5f78aade0436,No,service,docker#memory#rss#total,79225.74222222221,0.05219482608026981
nodesensinglabs-mqtt_sensinglabs-mqtt,0,61af5eaa9180fc161a67ed0c,1638881210000,docker#memory#rss#total-no_subject,Not an anomaly,6040a96cdcc614001153fc55,61af581daf0b5f111dde042e,0,,,No,No,"December 7, 2021 1:16 PM (GMT)",1,2,4,6248,0,61af581daf0b5f111dde042e,No,service,docker#memory#rss#total,5130.411991061662,0.0033799741609550197
nodenotifications_notifications-service,0,61af60a19180fc161a68265a,1638825890000,docker#memory#rss#total-no_subject,Not an anomaly,6040a96cdcc614001153fc55,61ae800aaf0b5f2dc9de0419,0,,,No,No,"December 7, 2021 1:24 PM (GMT)",1,4,4,6222,0,61ae800aaf0b5f2dc9de0419,No,service,docker#memory#rss#total,274667.0178048742,0.18095377616153893
apachegaia_worker,0,61af60fa9180fc161a683039,1638818270000,docker#memory#rss#total-no_subject,Not an anomaly,6040a96cdcc614001153fc55,61ae6241af0b5f0b78de0409,0,,,No,No,"December 7, 2021 1:26 PM (GMT)",1,3,4,4746,60,61ae6241af0b5f0b78de0409,No,service,docker#memory#rss#total,206807.04000000004,0.1362468458130481
apachegaia_scripts,0,61af613a9180fc161a683712,1638796670000,docker#memory#rss#total-no_subject,Not an anomaly,6040a96cdcc614001153fc55,61ae0dd3af0b5f2037de0401,0,,,No,No,"December 7, 2021 1:27 PM (GMT)",1,1,4,6222,0,61ae0dd3af0b5f2037de0401,No,service,docker#memory#rss#total,79535.21777777775,0.052398712119645856
linux60fec22cda00c500125f4311,0,61af619d9180fc161a6840e6,1638780380000,system#cpu#system#norm#pct-no_subject,Not an anomaly,6040a96cdcc614001153fc55,61adce3baf0b5f28c9de03e2,0,,,No,No,"December 7, 2021 1:29 PM (GMT)",1,1,31,6201,0,61adce3baf0b5f28c9de03e2,No,host,system#cpu#system#norm#pct,0.003037381707343,1
noderealtime-status_realtime-worker,0,61af62199180fc161a684d89,1638687620000,docker#memory#rss#total-no_subject,Not an anomaly,6040a96cdcc614001153fc55,61ac63c9af0b5f8023de03bf,0,,,No,No,"December 7, 2021 1:31 PM (GMT)",1,1,4,6102,0,61ac63c9af0b5f8023de03bf,No,service,docker#memory#rss#total,0.0,0
nodereservations-service_reservations-service,0,61af62719180fc161a685667,1638546890000,docker#diskio#read#wait_time-no_subject,Warning (might generate a bigger issue),6040a96cdcc614001153fc55,61aa3e18af0b5f9da6de038d,0,,,No,Yes,"December 7, 2021 1:32 PM (GMT)",1,9,8,6204,240,61aa3e18af0b5f9da6de038d,Yes,service,docker#diskio#read#wait_time,0.0,0
apachegaia_scripts,0,61af627e9180fc161a6857ba,1638464500000,docker#memory#rss#total-no_subject,Not an anomaly,6040a96cdcc614001153fc55,61a8fc3aaf0b5f3043de036a,0,,,No,No,"December 7, 2021 1:32 PM (GMT)",1,2,4,6224,120,61a8fc3aaf0b5f3043de036a,No,service,docker#memory#rss#total,1547.3777777777775,0.0010194301968802697
linux60fec22ada00c500125f430f,0,61af62f69180fc161a686384,1638367290000,system#cpu#user#norm#pct-no_subject,Warning (might generate a bigger issue),6040a96cdcc614001153fc55,61a7808faf0b5f95f6de0336,0,,,No,Yes,"December 7, 2021 1:34 PM (GMT)",1,1,31,6223,0,61a7808faf0b5f95f6de0336,Yes,host,system#cpu#user#norm#pct,0.0100123264579613,0
linux608ac1c48e4afc0040b43d19,0,61af63329180fc161a6869d9,1638365300000,system#diskio#iostat#busy-sda1,Not an anomaly,6040a96cdcc614001153fc55,61a778dcaf0b5f9b60de032a,0,,,No,No,"December 7, 2021 1:35 PM (GMT)",1,1,8,6201,0,61a778dcaf0b5f9b60de032a,No,host,system#diskio#iostat#busy,0.0,0
nodereservations-service_reservations-service,0,61af65119180fc161a6898c9,1638310140000,docker#diskio#write#service_time-no_subject,Warning (might generate a bigger issue),6040a96cdcc614001153fc55,61a6a145af0b5f67edde02d6,0,,,No,Yes,"December 7, 2021 1:43 PM (GMT)",1,16,11,6206,180,61a6a145af0b5f67edde02d6,Yes,service,docker#diskio#write#service_time,0.0,0
linux60fec22ada00c500125f4310,0,61af65789180fc161a68a2e2,1638287060000,system#cpu#system#norm#pct-no_subject,Not an anomaly,6040a96cdcc614001153fc55,61a64730af0b5f4e3dde0264,0,,,No,No,"December 7, 2021 1:45 PM (GMT)",2,2,23,6043,80,61a64730af0b5f4e3dde0264,No,host,system#cpu#system#norm#pct,0.0,0
nginxappsmith_appsmith-nginx,0,61af65869180fc161a68a485,1638284840000,docker#memory#usage#pct-no_subject,Not an anomaly,6040a96cdcc614001153fc55,61a63e6eaf0b5f1dc5de025e,0,,,No,No,"December 7, 2021 1:45 PM (GMT)",1,3,4,6044,0,61a63e6eaf0b5f1dc5de025e,No,service,docker#memory#usage#pct,3.67274678281e-05,1
nodesensinglabs-mqtt_sensinglabs-mqtt,0,61af663b9180fc161a68b6c7,1637858650000,docker#memory#usage#total-no_subject,Not an anomaly,6040a96cdcc614001153fc55,619fbe611e815a68557050c5,0,,,No,No,"December 7, 2021 1:48 PM (GMT)",1,2,4,6022,0,619fbe611e815a68557050c5,No,service,docker#memory#usage#total,28263.94313436254,1
pythonpost-processing_post-processing-worker,0,61af668e9180fc161a68bef1,1637967800000,docker#memory#rss#total-no_subject,Debug (would be useful for troubleshooting),6040a96cdcc614001153fc55,61a168061e815ad54a70510e,0,,,No,Yes,"December 7, 2021 1:50 PM (GMT)",1,4,4,6022,0,61a168061e815ad54a70510e,Yes,service,docker#memory#rss#total,82083.62205778509,0.05407763003756331
nodeapp_app-web,0,61af67659180fc161a68d390,1638197170000,docker#diskio#read#service_time-no_subject,Not an anomaly,6040a96cdcc614001153fc55,61a4e80caf0b5f4a10de01e3,0,,,No,No,"December 7, 2021 1:53 PM (GMT)",1,4,4,5944,60,61a4e80caf0b5f4a10de01e3,No,service,docker#diskio#read#service_time,0.0,0
apachegaia_worker,0,61af67849180fc161a68d682,1638256270000,docker#memory#usage#total-no_subject,Not an anomaly,6040a96cdcc614001153fc55,61a5ced2af0b5f7311de0239,0,,,No,No,"December 7, 2021 1:54 PM (GMT)",1,1,4,6044,0,61a5ced2af0b5f7311de0239,No,service,docker#memory#usage#total,4487.395555549647,0
nodesensinglabs-mqtt_sensinglabs-mqtt,0,61af678c9180fc161a68d7cb,1638259330000,docker#memory#rss#total-no_subject,Not an anomaly,6040a96cdcc614001153fc55,61a5dad6af0b5f4beede023e,0,,,No,No,"December 7, 2021 1:54 PM (GMT)",1,2,4,6044,0,61a5dad6af0b5f4beede023e,No,service,docker#memory#rss#total,30793.549746895507,0.020287143147552898
pythonpost-processing_post-processing-worker,0,61af68729180fc161a68ed60,1638263660000,docker#memory#rss#total-no_subject,Not an anomaly,6040a96cdcc614001153fc55,61a5ebd1af0b5f19a1de024e,0,,,No,No,"December 7, 2021 1:58 PM (GMT)",1,1,4,6044,0,61a5ebd1af0b5f19a1de024e,No,service,docker#memory#rss#total,1517884.9738934252,1
nodesensinglabs-mqtt_sensinglabs-mqtt,0,61b0b4459180fc161a87a386,1638963290000,docker#memory#rss#total-no_subject,Not an anomaly,6040a96cdcc614001153fc55,61b098aaaf0b5f65d1de0474,0,,,No,No,"December 8, 2021 1:33 PM (GMT)",1,2,4,6192,0,61b098aaaf0b5f65d1de0474,No,service,docker#memory#rss#total,8414.591274319779,0.005543629075354817
nodesensinglabs-mqtt_sensinglabs-mqtt,0,61b0b45a9180fc161a87a60f,1638901910000,docker#memory#usage#pct-no_subject,Not an anomaly,6040a96cdcc614001153fc55,61afa8eaaf0b5f1fcfde045c,0,,,No,No,"December 8, 2021 1:34 PM (GMT)",1,4,4,6192,240,61afa8eaaf0b5f1fcfde045c,No,service,docker#memory#usage#pct,0.0,0
linux60fec22cda00c500125f4311,0,61b0d4709180fc161a8ad8fd,1638975290000,system#diskio#iostat#busy-sda,Critical (it harms our infrastructure/business),6040a96cdcc614001153fc55,61b0c7a3af0b5f2514de0487,1638975270000,docker#cpu#kernel#pct-no_subject,,Yes,Yes,"December 8, 2021 3:51 PM (GMT)",5,26,30,6171,250,61b0c7a3af0b5f2514de0487,Yes,host,system#diskio#iostat#busy,0.0,0
apachegaia_scripts,0,61af5de19180fc161a67d8d2,1638881630000,docker#memory#rss#total-no_subject,Not an anomaly,6040a96cdcc614001153fc55,61af59b0af0b5f78aade0436,1638881630000,docker#memory#rss#total-no_subject,,No,No,"December 7, 2021 1:13 PM (GMT)",1,1,4,6248,0,61af59b0af0b5f78aade0436,No,service,docker#memory#rss#total,79225.74222222221,0.130185129155989
nodesensinglabs-mqtt_sensinglabs-mqtt,0,61af5eaa9180fc161a67ed0c,1638881210000,docker#memory#rss#total-no_subject,Not an anomaly,6040a96cdcc614001153fc55,61af581daf0b5f111dde042e,0,,,No,No,"December 7, 2021 1:16 PM (GMT)",1,2,4,6248,0,61af581daf0b5f111dde042e,No,service,docker#memory#rss#total,5130.411991061662,0.008430382965758513
nodesensinglabs-mqtt_sensinglabs-mqtt,0,61b0b4459180fc161a87a386,1638963290000,docker#memory#rss#total-no_subject,Not an anomaly,6040a96cdcc614001153fc55,61b098aaaf0b5f65d1de0474,0,,,No,No,"December 8, 2021 1:33 PM (GMT)",1,2,4,6192,0,61b098aaaf0b5f65d1de0474,No,service,docker#memory#rss#total,8414.591274319779,0.013827003965068717
docker2838c0afcc7620ff,0,61bb2e9f9180fc161a7f8615,1639018850000,docker#memory#rss#total-no_subject,Not an anomaly,6040a96cdcc614001153fc55,61b171bcaf0b5f0ad5de0537,0,,,No,No,"December 16, 2021 12:18 PM (GMT)",1,2,4,6211,0,61b171bcaf0b5f0ad5de0537,No,service,docker#memory#rss#total,608562.1509603697,1
consul_consul-server,0,61bb2eb39180fc161a7f8805,1639356040000,docker#diskio#summary#service_time-no_subject,Not an anomaly,6040a96cdcc614001153fc55,61b69a01af0b5fbaedde09f7,0,,,No,No,"December 16, 2021 12:19 PM (GMT)",1,9,4,6209,750,61b69a01af0b5fbaedde09f7,No,service,docker#diskio#summary#service_time,641142657324.0898,0.9999999999999999
packetaipacketai_packetai-agent,0,61bb2f109180fc161a7f92ed,1639356790000,docker#diskio#summary#service_time-no_subject,Info (good to know about),6040a96cdcc614001153fc55,61b69a16af0b5f630ade0a1b,0,,,No,Yes,"December 16, 2021 12:20 PM (GMT)",1,5,4,6167,0,61b69a16af0b5f630ade0a1b,Yes,service,docker#diskio#summary#service_time,3656649085.16967,0
mysql_router,0,61bb2f389180fc161a7f96c8,1639356790000,docker#memory#usage#pct-no_subject,Not an anomaly,6040a96cdcc614001153fc55,61b69a18af0b5f0ee3de0a27,0,,,No,No,"December 16, 2021 12:21 PM (GMT)",1,5,4,6167,0,61b69a18af0b5f0ee3de0a27,No,service,docker#memory#usage#pct,0.0001227965801125,0.011924058212283642
rabbitmqqueue_rabbitmq,0,61bb2f919180fc161a7fa00c,1639356850000,rabbitmq#exchange#messages#publish_out#count-no_subject,Not an anomaly,6040a96cdcc614001153fc55,61b69a1baf0b5fa315de0a35,0,,,No,No,"December 16, 2021 12:22 PM (GMT)",1,4,4,6167,0,61b69a1baf0b5fa315de0a35,No,service,rabbitmq#exchange#messages#publish_out#count,0.0,0
docker983f275612ba5797,0,61bb30119180fc161a7fad8c,1639356910000,docker#memory#usage#total-no_subject,Not an anomaly,6040a96cdcc614001153fc55,61b69a47af0b5f841cde0a3b,0,,,No,No,"December 16, 2021 12:24 PM (GMT)",2,2,4,6167,60,61b69a47af0b5f841cde0a3b,No,service,docker#memory#usage#total,56890.63620345411,0.01353217896128255
docker983f275612ba5797,0,61bb302f9180fc161a7fb132,1639357210000,docker#memory#usage#total-no_subject,Not an anomaly,6040a96cdcc614001153fc55,61b69b74af0b5f27eede0a44,0,,,No,No,"December 16, 2021 12:25 PM (GMT)",1,2,4,6167,300,61b69b74af0b5f27eede0a44,No,service,docker#memory#usage#total,744229.7348639581,0.1770247378579233
nodesensinglabs-mqtt_sensinglabs-mqtt,0,61bb303d9180fc161a7fb2e5,1639357030000,docker#memory#rss#total-no_subject,Not an anomaly,6040a96cdcc614001153fc55,61b69ad2af0b5f5ae9de0a40,0,,,No,No,"December 16, 2021 12:25 PM (GMT)",1,2,4,6167,0,61b69ad2af0b5f5ae9de0a40,No,service,docker#memory#rss#total,49859.61739294275,0.08193019778548415
apachegaia_worker,0,61bb30909180fc161a7fbad3,1639404190000,docker#memory#rss#total-no_subject,Info (good to know about),6040a96cdcc614001153fc55,61b752eeaf0b5f3354de0ca6,0,,,No,Yes,"December 16, 2021 12:26 PM (GMT)",1,1,4,6167,0,61b752eeaf0b5f3354de0ca6,Yes,service,docker#memory#rss#total,165956.26666666672,0.2727022480855435
koios_koios-api,0,61bb30cc9180fc161a7fc09f,1639409470000,docker#memory#usage#pct-no_subject,Not an anomaly,6040a96cdcc614001153fc55,61b76790af0b5f688dde0cc0,0,,,No,No,"December 16, 2021 12:27 PM (GMT)",1,2,4,6167,0,61b76790af0b5f688dde0cc0,No,service,docker#memory#usage#pct,2.4534479395e-06,0.00023823999027174336
apachegaia_scripts,0,61bb391b9180fc161a8091ef,1639500130000,docker#memory#usage#total-no_subject,Not an anomaly,6040a96cdcc614001153fc55,61b8c9c6af0b5fbb44de0f48,0,,,No,No,"December 16, 2021 1:03 PM (GMT)",1,1,4,6167,0,61b8c9c6af0b5fbb44de0f48,No,service,docker#memory#usage#total,49051.87555555554,0.011667627622066164
apachegaia_scripts,0,61bb3e789180fc161a81177f,1639560730000,docker#memory#rss#total-no_subject,Not an anomaly,6040a96cdcc614001153fc55,61b9b67aaf0b5f40bfde11e4,0,,,No,No,"December 16, 2021 1:26 PM (GMT)",1,2,4,5427,0,61b9b67aaf0b5f40bfde11e4,No,service,docker#memory#rss#total,95782.68444444444,0.15739178700694767
keto_keto,0,61bb3ee99180fc161a812247,1639582270000,docker#memory#usage#pct-no_subject,Debug (would be useful for troubleshooting),6040a96cdcc614001153fc55,61ba0a9daf0b5fd182de1374,0,,,No,Yes,"December 16, 2021 1:28 PM (GMT)",1,1,4,6167,0,61ba0a9daf0b5fd182de1374,Yes,service,docker#memory#usage#pct,2.58677065895e-05,0.0025118618035525637
apachegaia_worker,0,61bb3f709180fc161a812fe7,1639633360000,docker#memory#rss#total-no_subject,Not an anomaly,6040a96cdcc614001153fc55,61bad228af0b5f7f70de157b,0,,,No,No,"December 16, 2021 1:30 PM (GMT)",1,1,4,6167,0,61bad228af0b5f7f70de157b,No,service,docker#memory#rss#total,243789.36888888877,0.40059896676808715
pythondynamic-flow_scheduler,0,61bb3fb19180fc161a8136eb,1639650610000,docker#memory#usage#total-no_subject,Not an anomaly,6040a96cdcc614001153fc55,61bb1587af0b5f1212de167c,0,,,No,No,"December 16, 2021 1:31 PM (GMT)",1,1,4,6167,0,61bb1587af0b5f1212de167c,No,service,docker#memory#usage#total,685800.7633352253,0.1631266457989266
apachegaia_scripts,0,61bb51839180fc161a82fc39,1639665610000,docker#memory#rss#total-no_subject,Not an anomaly,6040a96cdcc614001153fc55,61bb5016af0b5f2ec3de1719,0,,,No,No,"December 16, 2021 2:47 PM (GMT)",1,1,4,5437,0,61bb5016af0b5f2ec3de1719,No,service,docker#memory#rss#total,161391.50222222228,0.2652013470892512
rediskoios_redis_cache,0,61bb64859180fc161a84e65e,1639668550000,docker#memory#usage#pct-no_subject,Warning (might generate a bigger issue),6040a96cdcc614001153fc55,61bb5baeaf0b5ff1aede1756,0,,,No,Yes,"December 16, 2021 4:09 PM (GMT)",1,2,4,6167,0,61bb5baeaf0b5ff1aede1756,Yes,service,docker#memory#usage#pct,0.0020813883208421,0.20211145519973733
rabbitmqqueue_rabbitmq,0,61be45699180fc161ac7e572,1639723210000,docker#diskio#read#service_time-no_subject,Not an anomaly,6040a96cdcc614001153fc55,61bc3119af0b5fa365de1ae9,0,,,No,No,"December 18, 2021 8:32 PM (GMT)",1,1,4,6171,0,61bc3119af0b5fa365de1ae9,No,service,docker#diskio#read#service_time,0.0,0
nodesensinglabs-mqtt_sensinglabs-mqtt,0,61be45709180fc161ac7e652,1639783930000,docker#memory#rss#total-no_subject,Not an anomaly,6040a96cdcc614001153fc55,61bd1e49af0b5f283dde1fe9,0,,,No,No,"December 18, 2021 8:32 PM (GMT)",1,2,4,6171,0,61bd1e49af0b5f283dde1fe9,No,service,docker#memory#rss#total,14140.795473563729,0.023236403136882883
nodereservation_reservation-tasks,0,61c1b09d9180fc161a181cc5,1640016010000,docker#memory#usage#pct-no_subject,Not an anomaly,6040a96cdcc614001153fc55,61c0a8d1af0b5fb17cde3491,0,,,No,No,"December 21, 2021 10:46 AM (GMT)",1,6,4,6173,180,61c0a8d1af0b5fb17cde3491,No,service,docker#memory#usage#pct,0.0102982204486389,1
apachegaia_scripts,0,61c2ff229180fc161a38948b,1640082550000,docker#memory#rss#total-no_subject,Not an anomaly,6040a96cdcc614001153fc55,61c1acbcaf0b5fd882de3dd8,0,,,No,No,"December 22, 2021 10:34 AM (GMT)",1,2,4,6155,0,61c1acbcaf0b5fd882de3dd8,No,service,docker#memory#rss#total,77523.62666666665,0.1273881830217783
consul_consul-server,0,61c2ff2f9180fc161a38963c,1640091610000,docker#diskio#summary#service_time-no_subject,No business impact,6040a96cdcc614001153fc55,61c1d058af0b5f4876de3f97,1640091610000,docker#diskio#summary#ops-no_subject,,No,No,"December 22, 2021 10:34 AM (GMT)",1,4,4,6548,0,61c1d058af0b5f4876de3f97,No,service,docker#diskio#summary#service_time,436088478903.2637,0.6783393270272765
pythonpost-processing_post-processing-worker,0,61c2ff5e9180fc161a389b02,1640097370000,docker#memory#usage#pct-no_subject,Not an anomaly,6040a96cdcc614001153fc55,61c1e6c0af0b5f52a6de4110,0,,,No,No,"December 22, 2021 10:35 AM (GMT)",2,6,4,6522,50,61c1e6c0af0b5f52a6de4110,No,service,docker#memory#usage#pct,0.0001846940266534,0.017934557487338576
linux609bde4db677860011c6e30b,0,61d460c89180fc161a27e8ad,1640503630000,system#diskio#iostat#busy-vda,Not an anomaly,6040a96cdcc614001153fc55,61c81848af0b5f4b08de8941,0,,,No,No,"January 4, 2022 2:59 PM (GMT)",1,4,8,6770,120,61c81848af0b5f4b08de8941,No,host,system#diskio#iostat#busy,25.1220516701025,1
linux609bde4db677860011c6e30b,0,61d460d39180fc161a27ea7b,1640579590000,system#diskio#iostat#busy-vda,Not an anomaly,6040a96cdcc614001153fc55,61c940f2af0b5fae29de8d9e,0,,,No,No,"January 4, 2022 2:59 PM (GMT)",1,2,8,6770,0,61c940f2af0b5fae29de8d9e,No,host,system#diskio#iostat#busy,13.71258710107221,0.5458386632247644
nodereservation_reservation-tasks,0,61d460f19180fc161a27ede2,1640584490000,docker#memory#usage#total-no_subject,Not an anomaly,6040a96cdcc614001153fc55,61c95574af0b5fe675de8da4,0,,,No,No,"January 4, 2022 3:00 PM (GMT)",1,1,4,5421,0,61c95574af0b5fe675de8da4,No,service,docker#memory#usage#total,303951.0856521188,0.07229872543191676
nginxappsmith_appsmith-nginx,0,61d461139180fc161a27f272,1640705200000,docker#memory#usage#total-no_subject,Not an anomaly,6040a96cdcc614001153fc55,61cb2cfaaf0b5f6520de8e14,0,,,No,No,"January 4, 2022 3:00 PM (GMT)",1,1,4,6771,0,61cb2cfaaf0b5f6520de8e14,No,service,docker#memory#usage#total,249282.55999999997,0.059295104413717964
nodeportal_portal,0,61d461829180fc161a280010,1640711370000,docker#memory#usage#total-no_subject,Not an anomaly,6040a96cdcc614001153fc55,61cb4519af0b5f5ec7de8e17,0,,,No,No,"January 4, 2022 3:02 PM (GMT)",2,2,4,6771,0,61cb4519af0b5f5ec7de8e17,No,service,docker#memory#usage#total,4204100.19452345,1
nodeportal_portal,0,61d461879180fc161a2800cb,1640767710000,docker#memory#usage#total-no_subject,Not an anomaly,6040a96cdcc614001153fc55,61cc2133af0b5f5003de8e36,0,,,No,No,"January 4, 2022 3:02 PM (GMT)",1,1,4,6771,0,61cc2133af0b5f5003de8e36,No,service,docker#memory#usage#total,0.0,0
linux61c35323a137b10130daf3ad,0,61d461d69180fc161a280bda,1641216830000,system#memory#actual#used#pct-no_subject,Not an anomaly,6040a96cdcc614001153fc55,61d2fb87af0b5f307bde915e,0,,,No,No,"January 4, 2022 3:03 PM (GMT)",1,2,31,6791,60,61d2fb87af0b5f307bde915e,No,host,system#memory#actual#used#pct,0.0,0
nodesensor-service_sensor-service,0,61d461ec9180fc161a280e77,1641227130000,docker#memory#usage#pct-no_subject,Not an anomaly,6040a96cdcc614001153fc55,61d323dbaf0b5f42b2de9183,0,,,No,No,"January 4, 2022 3:04 PM (GMT)",1,3,4,6771,60,61d323dbaf0b5f42b2de9183,No,service,docker#memory#usage#pct,0.0,0
linux609bdf19b677860011c6e30e,0,61d461f39180fc161a280f26,1641234690000,system#diskio#iostat#busy-sda,Not an anomaly,6040a96cdcc614001153fc55,61d3415eaf0b5fe580de919c,0,,,No,No,"January 4, 2022 3:04 PM (GMT)",1,4,11,6751,60,61d3415eaf0b5fe580de919c,No,host,system#diskio#iostat#busy,7.443573817863474,0.2962964138284134
portainer_agent,0,61d461f99180fc161a281033,1641290370000,docker#memory#rss#total-no_subject,Not an anomaly,6040a96cdcc614001153fc55,61d41accaf0b5f80d6de91b9,0,,,No,No,"January 4, 2022 3:04 PM (GMT)",1,1,4,6771,0,61d41accaf0b5f80d6de91b9,No,service,docker#memory#rss#total,0.0,0
apachegaia_scripts,0,61d461fe9180fc161a281100,1641292390000,docker#memory#usage#total-no_subject,Not an anomaly,6040a96cdcc614001153fc55,61d422baaf0b5f1dd8de91bc,0,,,No,No,"January 4, 2022 3:04 PM (GMT)",1,1,4,6771,0,61d422baaf0b5f1dd8de91bc,No,service,docker#memory#usage#total,618.951111111111,0.0001472255851364816
nodereservations-service_reservations-service,0,61d462049180fc161a281212,1641292970000,docker#memory#usage#total-no_subject,Not an anomaly,6040a96cdcc614001153fc55,61d424f4af0b5fd23bde91be,0,,,No,No,"January 4, 2022 3:04 PM (GMT)",1,2,4,6771,120,61d424f4af0b5fd23bde91be,No,service,docker#memory#usage#total,3322402.9835745143,0.7902768321036936
linux61c32232a137b10130daf2e1,0,61d462169180fc161a281466,1641303910000,system#cpu#user#norm#pct-no_subject,Not an anomaly,6040a96cdcc614001153fc55,61d45c93af0b5f0a95de91f3,0,,,No,No,"January 4, 2022 3:04 PM (GMT)",1,3,32,6768,0,61d45c93af0b5f0a95de91f3,No,host,system#cpu#user#norm#pct,0.0091482569500957,0