ITComponentId,__v,_id,anomalyTimestamp,metric,feedback,infrastructure,issue,rootCauseAnomalyTimestamp,rootCauseAnomalyType,rootCauseFeedback,rootCauseSignificant,significant,updatedAt,count_affectedITComponentIds,count_anomalies,count_correlatedITComponentIds,count_masterTopologyComponents,duration,issue_id,is_positive_feedback,component_type,metric_no_subject,absolute_delta,scaled_absolute_delta
apachegaia_scripts,0,61af5de19180fc161a67d8d2,1638881630000,docker#memory#rss#total-no_subject,Not an anomaly,6040a96cdcc614001153fc55,61af59b0af0b5f78aade0436,1638881630000.0,docker#memory#rss#total-no_subject,,False,False,2021-12-07T13:13:09.426Z,1,1,4,6248,0.0,61af59b0af0b5f78aade0436,False,service,docker#memory#rss#total,79225.74222222221,0.05219482608026981
nodesensinglabs-mqtt_sensinglabs-mqtt,0,61af5eaa9180fc161a67ed0c,1638881210000,docker#memory#rss#total-no_subject,Not an anomaly,6040a96cdcc614001153fc55,61af581daf0b5f111dde042e,,,,,False,2021-12-07T13:16:27.855Z,1,2,4,6248,0.0,61af581daf0b5f111dde042e,False,service,docker#memory#rss#total,5130.411991061662,0.0033799741609550197
nodenotifications_notifications-service,0,61af60a19180fc161a68265a,1638825890000,docker#memory#rss#total-no_subject,Not an anomaly,6040a96cdcc614001153fc55,61ae800aaf0b5f2dc9de0419,,,,,False,2021-12-07T13:24:52.846Z,1,4,4,6222,0.0,61ae800aaf0b5f2dc9de0419,False,service,docker#memory#rss#total,274667.0178048742,0.18095377616153893
apachegaia_worker,0,61af60fa9180fc161a683039,1638818270000,docker#memory#rss#total-no_subject,Not an anomaly,6040a96cdcc614001153fc55,61ae6241af0b5f0b78de0409,,,,,False,2021-12-07T13:26:21.979Z,1,3,4,4746,60.0,61ae6241af0b5f0b78de0409,False,service,docker#memory#rss#total,206807.04000000004,0.1362468458130481
apachegaia_scripts,0,61af613a9180fc161a683712,1638796670000,docker#memory#rss#total-no_subject,Not an anomaly,6040a96cdcc614001153fc55,61ae0dd3af0b5f2037de0401,,,,,False,2021-12-07T13:27:23.549Z,1,1,4,6222,0.0,61ae0dd3af0b5f2037de0401,False,service,docker#memory#rss#total,79535.21777777775,0.052398712119645856
linux60fec22cda00c500125f4311,0,61af619d9180fc161a6840e6,1638780380000,system#cpu#system#norm#pct-no_subject,Not an anomaly,6040a96cdcc614001153fc55,61adce3baf0b5f28c9de03e2,,,,,False,2021-12-07T13:29:03.165Z,1,1,31,6201,0.0,61adce3baf0b5f28c9de03e2,False,host,system#cpu#system#norm#pct,0.003037381707343,1.0
noderealtime-status_realtime-worker,0,61af62199180fc161a684d89,1638687620000,docker#memory#rss#total-no_subject,Not an anomaly,6040a96cdcc614001153fc55,61ac63c9af0b5f8023de03bf,,,,,False,2021-12-07T13:31:08.053Z,1,1,4,6102,0.0,61ac63c9af0b5f8023de03bf,False,service,docker#memory#rss#total,0.0,0.0
nodereservations-service_reservations-service,0,61af62719180fc161a685667,1638546890000,docker#diskio#read#wait_time-no_subject,Warning (might generate a bigger issue),6040a96cdcc614001153fc55,61aa3e18af0b5f9da6de038d,,,,,True,2021-12-07T13:32:36.901Z,1,9,8,6204,240.0,61aa3e18af0b5f9da6de038d,True,service,docker#diskio#read#wait_time,0.0,0.0
apachegaia_scripts,0,61af627e9180fc161a6857ba,1638464500000,docker#memory#rss#total-no_subject,Not an anomaly,6040a96cdcc614001153fc55,61a8fc3aaf0b5f3043de036a,,,,,False,2021-12-07T13:32:48.426Z,1,2,4,6224,120.0,61a8fc3aaf0b5f3043de036a,False,service,docker#memory#rss#total,1547.3777777777775,0.0010194301968802697
linux60fec22ada00c500125f430f,0,61af62f69180fc161a686384,1638367290000,system#cpu#user#norm#pct-no_subject,Warning (might generate a bigger issue),6040a96cdcc614001153fc55,61a7808faf0b5f95f6de0336,,,,,True,2021-12-07T13:34:49.072Z,1,1,31,6223,0.0,61a7808faf0b5f95f6de0336,True,host,system#cpu#user#norm#pct,0.0100123264579613,0.0
linux608ac1c48e4afc0040b43d19,0,61af63329180fc161a6869d9,1638365300000,system#diskio#iostat#busy-sda1,Not an anomaly,6040a96cdcc614001153fc55,61a778dcaf0b5f9b60de032a,,,,,False,2021-12-07T13:35:48.879Z,1,1,8,6201,0.0,61a778dcaf0b5f9b60de032a,False,host,system#diskio#iostat#busy,0.0,0.0
nodereservations-service_reservations-service,0,61af65119180fc161a6898c9,1638310140000,docker#diskio#write#service_time-no_subject,Warning (might generate a bigger issue),6040a96cdcc614001153fc55,61a6a145af0b5f67edde02d6,,,,,True,2021-12-07T13:43:46.898Z,1,16,11,6206,180.0,61a6a145af0b5f67edde02d6,True,service,docker#diskio#write#service_time,0.0,0.0
linux60fec22ada00c500125f4310,0,61af65789180fc161a68a2e2,1638287060000,system#cpu#system#norm#pct-no_subject,Not an anomaly,6040a96cdcc614001153fc55,61a64730af0b5f4e3dde0264,,,,,False,2021-12-07T13:45:30.215Z,2,2,23,6043,80.0,61a64730af0b5f4e3dde0264,False,host,system#cpu#system#norm#pct,0.0,0.0
nginxappsmith_appsmith-nginx,0,61af65869180fc161a68a485,1638284840000,docker#memory#usage#pct-no_subject,Not an anomaly,6040a96cdcc614001153fc55,61a63e6eaf0b5f1dc5de025e,,,,,False,2021-12-07T13:45:44.143Z,1,3,4,6044,0.0,61a63e6eaf0b5f1dc5de025e,False,service,docker#memory#usage#pct,3.67274678281e-05,1.0
nodesensinglabs-mqtt_sensinglabs-mqtt,0,61af663b9180fc161a68b6c7,1637858650000,docker#memory#usage#total-no_subject,Not an anomaly,6040a96cdcc614001153fc55,619fbe611e815a68557050c5,,,,,False,2021-12-07T13:48:44.789Z,1,2,4,6022,0.0,619fbe611e815a68557050c5,False,service,docker#memory#usage#total,28263.94313436254,1.0
pythonpost-processing_post-processing-worker,0,61af668e9180fc161a68bef1,1637967800000,docker#memory#rss#total-no_subject,Debug (would be useful for troubleshooting),6040a96cdcc614001153fc55,61a168061e815ad54a70510e,,,,,True,2021-12-07T13:50:08.527Z,1,4,4,6022,0.0,61a168061e815ad54a70510e,True,service,docker#memory#rss#total,82083.62205778509,0.05407763003756331
nodeapp_app-web,0,61af67659180fc161a68d390,1638197170000,docker#diskio#read#service_time-no_subject,Not an anomaly,6040a96cdcc614001153fc55,61a4e80caf0b5f4a10de01e3,,,,,False,2021-12-07T13:53:43.088Z,1,4,4,5944,60.0,61a4e80caf0b5f4a10de01e3,False,service,docker#diskio#read#service_time,0.0,0.0
apachegaia_worker,0,61af67849180fc161a68d682,1638256270000,docker#memory#usage#total-no_subject,Not an anomaly,6040a96cdcc614001153fc55,61a5ced2af0b5f7311de0239,,,,,False,2021-12-07T13:54:13.922Z,1,1,4,6044,0.0,61a5ced2af0b5f7311de0239,False,service,docker#memory#usage#total,4487.395555549647,0.0
nodesensinglabs-mqtt_sensinglabs-mqtt,0,61af678c9180fc161a68d7cb,1638259330000,docker#memory#rss#total-no_subject,Not an anomaly,6040a96cdcc614001153fc55,61a5dad6af0b5f4beede023e,,,,,False,2021-12-07T13:54:22.258Z,1,2,4,6044,0.0,61a5dad6af0b5f4beede023e,False,service,docker#memory#rss#total,30793.549746895507,0.020287143147552898
pythonpost-processing_post-processing-worker,0,61af68729180fc161a68ed60,1638263660000,docker#memory#rss#total-no_subject,Not an anomaly,6040a96cdcc614001153fc55,61a5ebd1af0b5f19a1de024e,,,,,False,2021-12-07T13:58:12.069Z,1,1,4,6044,0.0,61a5ebd1af0b5f19a1de024e,False,service,docker#memory#rss#total,1517884.9738934252,1.0
nodesensinglabs-mqtt_sensinglabs-mqtt,0,61b0b4459180fc161a87a386,1638963290000,docker#memory#rss#total-no_subject,Not an anomaly,6040a96cdcc614001153fc55,61b098aaaf0b5f65d1de0474,,,,,False,2021-12-08T13:33:59.435Z,1,2,4,6192,0.0,61b098aaaf0b5f65d1de0474,False,service,docker#memory#rss#total,8414.591274319779,0.005543629075354817
nodesensinglabs-mqtt_sensinglabs-mqtt,0,61b0b45a9180fc161a87a60f,1638901910000,docker#memory#usage#pct-no_subject,Not an anomaly,6040a96cdcc614001153fc55,61afa8eaaf0b5f1fcfde045c,,,,,False,2021-12-08T13:34:19.888Z,1,4,4,6192,240.0,61afa8eaaf0b5f1fcfde045c,False,service,docker#memory#usage#pct,0.0,0.0
linux60fec22cda00c500125f4311,0,61b0d4709180fc161a8ad8fd,1638975290000,system#diskio#iostat#busy-sda,Critical (it harms our infrastructure/business),6040a96cdcc614001153fc55,61b0c7a3af0b5f2514de0487,1638975270000.0,docker#cpu#kernel#pct-no_subject,,True,True,2021-12-08T15:51:20.471Z,5,26,30,6171,250.0,61b0c7a3af0b5f2514de0487,True,host,system#diskio#iostat#busy,0.0,0.0
apachegaia_scripts,0,61af5de19180fc161a67d8d2,1638881630000,docker#memory#rss#total-no_subject,Not an anomaly,6040a96cdcc614001153fc55,61af59b0af0b5f78aade0436,1638881630000.0,docker#memory#rss#total-no_subject,,False,False,2021-12-07T13:13:09.426Z,1,1,4,6248,0.0,61af59b0af0b5f78aade0436,False,service,docker#memory#rss#total,79225.74222222221,0.130185129155989
nodesensinglabs-mqtt_sensinglabs-mqtt,0,61af5eaa9180fc161a67ed0c,1638881210000,docker#memory#rss#total-no_subject,Not an anomaly,6040a96cdcc614001153fc55,61af581daf0b5f111dde042e,,,,,False,2021-12-07T13:16:27.855Z,1,2,4,6248,0.0,61af581daf0b5f111dde042e,False,service,docker#memory#rss#total,5130.411991061662,0.008430382965758513
nodesensinglabs-mqtt_sensinglabs-mqtt,0,61b0b4459180fc161a87a386,1638963290000,docker#memory#rss#total-no_subject,Not an anomaly,6040a96cdcc614001153fc55,61b098aaaf0b5f65d1de0474,,,,,False,2021-12-08T13:33:59.435Z,1,2,4,6192,0.0,61b098aaaf0b5f65d1de0474,False,service,docker#memory#rss#total,8414.591274319779,0.013827003965068717
docker2838c0afcc7620ff,0,61bb2e9f9180fc161a7f8615,1639018850000,docker#memory#rss#total-no_subject,Not an anomaly,6040a96cdcc614001153fc55,61b171bcaf0b5f0ad5de0537,,,,,False,2021-12-16T12:18:41.371Z,1,2,4,6211,0.0,61b171bcaf0b5f0ad5de0537,False,service,docker#memory#rss#total,608562.1509603697,1.0
consul_consul-server,0,61bb2eb39180fc161a7f8805,1639356040000,docker#diskio#summary#service_time-no_subject,Not an anomaly,6040a96cdcc614001153fc55,61b69a01af0b5fbaedde09f7,,,,,False,2021-12-16T12:19:02.089Z,1,9,4,6209,750.0,61b69a01af0b5fbaedde09f7,False,service,docker#diskio#summary#service_time,641142657324.0898,0.9999999999999999
packetaipacketai_packetai-agent,0,61bb2f109180fc161a7f92ed,1639356790000,docker#diskio#summary#service_time-no_subject,Info (good to know about),6040a96cdcc614001153fc55,61b69a16af0b5f630ade0a1b,,,,,True,2021-12-16T12:20:35.459Z,1,5,4,6167,0.0,61b69a16af0b5f630ade0a1b,True,service,docker#diskio#summary#service_time,3656649085.16967,0.0
mysql_router,0,61bb2f389180fc161a7f96c8,1639356790000,docker#memory#usage#pct-no_subject,Not an anomaly,6040a96cdcc614001153fc55,61b69a18af0b5f0ee3de0a27,,,,,False,2021-12-16T12:21:13.645Z,1,5,4,6167,0.0,61b69a18af0b5f0ee3de0a27,False,service,docker#memory#usage#pct,0.0001227965801125,0.011924058212283642
rabbitmqqueue_rabbitmq,0,61bb2f919180fc161a7fa00c,1639356850000,rabbitmq#exchange#messages#publish_out#count-no_subject,Not an anomaly,6040a96cdcc614001153fc55,61b69a1baf0b5fa315de0a35,,,,,False,2021-12-16T12:22:43.940Z,1,4,4,6167,0.0,61b69a1baf0b5fa315de0a35,False,service,rabbitmq#exchange#messages#publish_out#count,0.0,0.0
docker983f275612ba5797,0,61bb30119180fc161a7fad8c,1639356910000,docker#memory#usage#total-no_subject,Not an anomaly,6040a96cdcc614001153fc55,61b69a47af0b5f841cde0a3b,,,,,False,2021-12-16T12:24:50.901Z,2,2,4,6167,60.0,61b69a47af0b5f841cde0a3b,False,service,docker#memory#usage#total,56890.63620345411,0.01353217896128255
docker983f275612ba5797,0,61bb302f9180fc161a7fb132,1639357210000,docker#memory#usage#total-no_subject,Not an anomaly,6040a96cdcc614001153fc55,61b69b74af0b5f27eede0a44,,,,,False,2021-12-16T12:25:20.831Z,1,2,4,6167,300.0,61b69b74af0b5f27eede0a44,False,service,docker#memory#usage#total,744229.7348639581,0.1770247378579233
nodesensinglabs-mqtt_sensinglabs-mqtt,0,61bb303d9180fc161a7fb2e5,1639357030000,docker#memory#rss#total-no_subject,Not an anomaly,6040a96cdcc614001153fc55,61b69ad2af0b5f5ae9de0a40,,,,,False,2021-12-16T12:25:35.809Z,1,2,4,6167,0.0,61b69ad2af0b5f5ae9de0a40,False,service,docker#memory#rss#total,49859.61739294275,0.08193019778548415
apachegaia_worker,0,61bb30909180fc161a7fbad3,1639404190000,docker#memory#rss#total-no_subject,Info (good to know about),6040a96cdcc614001153fc55,61b752eeaf0b5f3354de0ca6,,,,,True,2021-12-16T12:26:58.519Z,1,1,4,6167,0.0,61b752eeaf0b5f3354de0ca6,True,service,docker#memory#rss#total,165956.26666666672,0.2727022480855435
koios_koios-api,0,61bb30cc9180fc161a7fc09f,1639409470000,docker#memory#usage#pct-no_subject,Not an anomaly,6040a96cdcc614001153fc55,61b76790af0b5f688dde0cc0,,,,,False,2021-12-16T12:27:57.293Z,1,2,4,6167,0.0,61b76790af0b5f688dde0cc0,False,service,docker#memory#usage#pct,2.4534479395e-06,0.00023823999027174336
apachegaia_scripts,0,61bb391b9180fc161a8091ef,1639500130000,docker#memory#usage#total-no_subject,Not an anomaly,6040a96cdcc614001153fc55,61b8c9c6af0b5fbb44de0f48,,,,,False,2021-12-16T13:03:25.293Z,1,1,4,6167,0.0,61b8c9c6af0b5fbb44de0f48,False,service,docker#memory#usage#total,49051.87555555554,0.011667627622066164
apachegaia_scripts,0,61bb3e789180fc161a81177f,1639560730000,docker#memory#rss#total-no_subject,Not an anomaly,6040a96cdcc614001153fc55,61b9b67aaf0b5f40bfde11e4,,,,,False,2021-12-16T13:26:17.899Z,1,2,4,5427,0.0,61b9b67aaf0b5f40bfde11e4,False,service,docker#memory#rss#total,95782.68444444444,0.15739178700694767
keto_keto,0,61bb3ee99180fc161a812247,1639582270000,docker#memory#usage#pct-no_subject,Debug (would be useful for troubleshooting),6040a96cdcc614001153fc55,61ba0a9daf0b5fd182de1374,,,,,True,2021-12-16T13:28:12.701Z,1,1,4,6167,0.0,61ba0a9daf0b5fd182de1374,True,service,docker#memory#usage#pct,2.58677065895e-05,0.0025118618035525637
apachegaia_worker,0,61bb3f709180fc161a812fe7,1639633360000,docker#memory#rss#total-no_subject,Not an anomaly,6040a96cdcc614001153fc55,61bad228af0b5f7f70de157b,,,,,False,2021-12-16T13:30:25.462Z,1,1,4,6167,0.0,61bad228af0b5f7f70de157b,False,service,docker#memory#rss#total,243789.36888888877,0.40059896676808715
pythondynamic-flow_scheduler,0,61bb3fb19180fc161a8136eb,1639650610000,docker#memory#usage#total-no_subject,Not an anomaly,6040a96cdcc614001153fc55,61bb1587af0b5f1212de167c,,,,,False,2021-12-16T13:31:31.035Z,1,1,4,6167,0.0,61bb1587af0b5f1212de167c,False,service,docker#memory#usage#total,685800.7633352253,0.1631266457989266
apachegaia_scripts,0,61bb51839180fc161a82fc39,1639665610000,docker#memory#rss#total-no_subject,Not an anomaly,6040a96cdcc614001153fc55,61bb5016af0b5f2ec3de1719,,,,,False,2021-12-16T14:47:32.406Z,1,1,4,5437,0.0,61bb5016af0b5f2ec3de1719,False,service,docker#memory#rss#total,161391.50222222228,0.2652013470892512
rediskoios_redis_cache,0,61bb64859180fc161a84e65e,1639668550000,docker#memory#usage#pct-no_subject,Warning (might generate a bigger issue),6040a96cdcc614001153fc55,61bb5baeaf0b5ff1aede1756,,,,,True,2021-12-16T16:09:12.309Z,1,2,4,6167,0.0,61bb5baeaf0b5ff1aede1756,True,service,docker#memory#usage#pct,0.0020813883208421,0.20211145519973733
rabbitmqqueue_rabbitmq,0,61be45699180fc161ac7e572,1639723210000,docker#diskio#read#service_time-no_subject,Not an anomaly,6040a96cdcc614001153fc55,61bc3119af0b5fa365de1ae9,,,,,False,2021-12-18T20:32:43.026Z,1,1,4,6171,0.0,61bc3119af0b5fa365de1ae9,False,service,docker#diskio#read#service_time,0.0,0.0
nodesensinglabs-mqtt_sensinglabs-mqtt,0,61be45709180fc161ac7e652,1639783930000,docker#memory#rss#total-no_subject,Not an anomaly,6040a96cdcc614001153fc55,61bd1e49af0b5f283dde1fe9,,,,,False,2021-12-18T20:32:50.526Z,1,2,4,6171,0.0,61bd1e49af0b5f283dde1fe9,False,service,docker#memory#rss#total,14140.795473563729,0.023236403136882883
nodereservation_reservation-tasks,0,61c1b09d9180fc161a181cc5,1640016010000,docker#memory#usage#pct-no_subject,Not an anomaly,6040a96cdcc614001153fc55,61c0a8d1af0b5fb17cde3491,,,,,False,2021-12-21T10:46:54.653Z,1,6,4,6173,180.0,61c0a8d1af0b5fb17cde3491,False,service,docker#memory#usage#pct,0.0102982204486389,1.0
apachegaia_scripts,0,61c2ff229180fc161a38948b,1640082550000,docker#memory#rss#total-no_subject,Not an anomaly,6040a96cdcc614001153fc55,61c1acbcaf0b5fd882de3dd8,,,,,False,2021-12-22T10:34:12.342Z,1,2,4,6155,0.0,61c1acbcaf0b5fd882de3dd8,False,service,docker#memory#rss#total,77523.62666666665,0.1273881830217783
consul_consul-server,0,61c2ff2f9180fc161a38963c,1640091610000,docker#diskio#summary#service_time-no_subject,No business impact,6040a96cdcc614001153fc55,61c1d058af0b5f4876de3f97,1640091610000.0,docker#diskio#summary#ops-no_subject,,False,False,2021-12-22T10:34:29.766Z,1,4,4,6548,0.0,61c1d058af0b5f4876de3f97,False,service,docker#diskio#summary#service_time,436088478903.2637,0.6783393270272765
pythonpost-processing_post-processing-worker,0,61c2ff5e9180fc161a389b02,1640097370000,docker#memory#usage#pct-no_subject,Not an anomaly,6040a96cdcc614001153fc55,61c1e6c0af0b5f52a6de4110,,,,,False,2021-12-22T10:35:12.393Z,2,6,4,6522,50.0,61c1e6c0af0b5f52a6de4110,False,service,docker#memory#usage#pct,0.0001846940266534,0.017934557487338576
linux609bde4db677860011c6e30b,0,61d460c89180fc161a27e8ad,1640503630000,system#diskio#iostat#busy-vda,Not an anomaly,6040a96cdcc614001153fc55,61c81848af0b5f4b08de8941,,,,,False,2022-01-04T14:59:21.859Z,1,4,8,6770,120.0,61c81848af0b5f4b08de8941,False,host,system#diskio#iostat#busy,25.1220516701025,1.0
linux609bde4db677860011c6e30b,0,61d460d39180fc161a27ea7b,1640579590000,system#diskio#iostat#busy-vda,Not an anomaly,6040a96cdcc614001153fc55,61c940f2af0b5fae29de8d9e,,,,,False,2022-01-04T14:59:33.535Z,1,2,8,6770,0.0,61c940f2af0b5fae29de8d9e,False,host,system#diskio#iostat#busy,13.71258710107221,0.5458386632247644
nodereservation_reservation-tasks,0,61d460f19180fc161a27ede2,1640584490000,docker#memory#usage#total-no_subject,Not an anomaly,6040a96cdcc614001153fc55,61c95574af0b5fe675de8da4,,,,,False,2022-01-04T15:00:02.356Z,1,1,4,5421,0.0,61c95574af0b5fe675de8da4,False,service,docker#memory#usage#total,303951.0856521188,0.07229872543191676
nginxappsmith_appsmith-nginx,0,61d461139180fc161a27f272,1640705200000,docker#memory#usage#total-no_subject,Not an anomaly,6040a96cdcc614001153fc55,61cb2cfaaf0b5f6520de8e14,,,,,False,2022-01-04T15:00:36.988Z,1,1,4,6771,0.0,61cb2cfaaf0b5f6520de8e14,False,service,docker#memory#usage#total,249282.55999999997,0.059295104413717964
nodeportal_portal,0,61d461829180fc161a280010,1640711370000,docker#memory#usage#total-no_subject,Not an anomaly,6040a96cdcc614001153fc55,61cb4519af0b5f5ec7de8e17,,,,,False,2022-01-04T15:02:28.063Z,2,2,4,6771,0.0,61cb4519af0b5f5ec7de8e17,False,service,docker#memory#usage#total,4204100.19452345,1.0
nodeportal_portal,0,61d461879180fc161a2800cb,1640767710000,docker#memory#usage#total-no_subject,Not an anomaly,6040a96cdcc614001153fc55,61cc2133af0b5f5003de8e36,,,,,False,2022-01-04T15:02:33.000Z,1,1,4,6771,0.0,61cc2133af0b5f5003de8e36,False,service,docker#memory#usage#total,0.0,0.0
linux61c35323a137b10130daf3ad,0,61d461d69180fc161a280bda,1641216830000,system#memory#actual#used#pct-no_subject,Not an anomaly,6040a96cdcc614001153fc55,61d2fb87af0b5f307bde915e,,,,,False,2022-01-04T15:03:53.477Z,1,2,31,6791,60.0,61d2fb87af0b5f307bde915e,False,host,system#memory#actual#used#pct,0.0,0.0
nodesensor-service_sensor-service,0,61d461ec9180fc161a280e77,1641227130000,docker#memory#usage#pct-no_subject,Not an anomaly,6040a96cdcc614001153fc55,61d323dbaf0b5f42b2de9183,,,,,False,2022-01-04T15:04:15.182Z,1,3,4,6771,60.0,61d323dbaf0b5f42b2de9183,False,service,docker#memory#usage#pct,0.0,0.0
linux609bdf19b677860011c6e30e,0,61d461f39180fc161a280f26,1641234690000,system#diskio#iostat#busy-sda,Not an anomaly,6040a96cdcc614001153fc55,61d3415eaf0b5fe580de919c,,,,,False,2022-01-04T15:04:21.061Z,1,4,11,6751,60.0,61d3415eaf0b5fe580de919c,False,host,system#diskio#iostat#busy,7.443573817863474,0.2962964138284134
portainer_agent,0,61d461f99180fc161a281033,1641290370000,docker#memory#rss#total-no_subject,Not an anomaly,6040a96cdcc614001153fc55,61d41accaf0b5f80d6de91b9,,,,,False,2022-01-04T15:04:26.503Z,1,1,4,6771,0.0,61d41accaf0b5f80d6de91b9,False,service,docker#memory#rss#total,0.0,0.0
apachegaia_scripts,0,61d461fe9180fc161a281100,1641292390000,docker#memory#usage#total-no_subject,Not an anomaly,6040a96cdcc614001153fc55,61d422baaf0b5f1dd8de91bc,,,,,False,2022-01-04T15:04:32.121Z,1,1,4,6771,0.0,61d422baaf0b5f1dd8de91bc,False,service,docker#memory#usage#total,618.951111111111,0.0001472255851364816
nodereservations-service_reservations-service,0,61d462049180fc161a281212,1641292970000,docker#memory#usage#total-no_subject,Not an anomaly,6040a96cdcc614001153fc55,61d424f4af0b5fd23bde91be,,,,,False,2022-01-04T15:04:37.909Z,1,2,4,6771,120.0,61d424f4af0b5fd23bde91be,False,service,docker#memory#usage#total,3322402.9835745143,0.7902768321036936
linux61c32232a137b10130daf2e1,0,61d462169180fc161a281466,1641303910000,system#cpu#user#norm#pct-no_subject,Not an anomaly,6040a96cdcc614001153fc55,61d45c93af0b5f0a95de91f3,,,,,False,2022-01-04T15:04:55.894Z,1,3,32,6768,0.0,61d45c93af0b5f0a95de91f3,False,host,system#cpu#user#norm#pct,0.0091482569500957,0.0
